id,dur,proto,service,state,spkts,dpkts,sbytes,dbytes,rate,sttl,dttl,sload,dload,sloss,dloss,sinpkt,dinpkt,sjit,djit,swin,stcpb,dtcpb,dwin,tcprtt,synack,ackdat,smean,dmean,trans_depth,response_body_len,ct_srv_src,ct_state_ttl,ct_dst_ltm,ct_src_dport_ltm,ct_dst_sport_ltm,ct_dst_src_ltm,is_ftp_login,ct_ftp_cmd,ct_flw_http_mthd,ct_src_ltm,ct_srv_dst,is_sm_ips_ports,attack_cat,label
149191,9e-06,udp,dns,INT,2,0,114,0,111111.1072,254,0,50666664.0,0.0,0,0,0.009,0.0,0.0,0.0,0,0,0,0,0.0,0.0,0.0,57,0,0,0,10,2,10,10,10,10,0,0,0,10,10,0,Generic,1
116446,9e-06,udp,-,INT,2,0,104,0,111111.1072,254,0,46222220.0,0.0,0,0,0.009,0.0,0.0,0.0,0,0,0,0,0.0,0.0,0.0,52,0,0,0,3,2,2,2,2,2,0,0,0,2,3,0,Fuzzers,1
97270,5.052801,ospf,-,INT,42,0,2688,0,8.114311,254,0,4154.527344,0.0,0,0,123.239047,0.0,140.325453,0.0,0,0,0,0,0.0,0.0,0.0,64,0,0,0,1,2,1,1,1,1,0,0,0,1,1,0,Reconnaissance,1
165334,5e-06,udp,dns,INT,2,0,114,0,200000.0051,254,0,91200000.0,0.0,0,0,0.005,0.0,0.0,0.0,0,0,0,0,0.0,0.0,0.0,57,0,0,0,22,2,6,6,6,22,0,0,0,6,22,0,Generic,1
11857,0.02417,tcp,-,FIN,38,40,2438,19266,3185.767466,31,29,785767.5,6217625.0,7,13,0.682257,0.623395,46.337355,40.47777,255,3441487131,1346387121,255,0.000587,0.000478,0.000109,64,482,0,0,15,0,1,1,1,4,0,0,0,4,4,0,Normal,0
139082,0.23568,tcp,http,FIN,10,8,792,1700,72.131704,62,252,24202.30859,50509.16406,2,2,26.186667,31.721572,1422.427044,57.339387,255,3252818826,1000547571,255,0.057418,0.009791,0.047627,79,213,1,451,1,1,1,1,1,1,0,0,1,1,1,0,Exploits,1
156212,16.170187,ospf,-,REQ,16,0,4352,0,0.927633,254,0,2018.529541,0.0,0,0,1290.972,0.0,1493.258125,0.0,0,0,0,0,0.0,0.0,0.0,272,0,0,0,2,6,13,2,2,4,0,0,0,4,2,0,Exploits,1
18731,4e-06,udp,dns,INT,2,0,114,0,250000.0006,254,0,114000000.0,0.0,0,0,0.004,0.0,0.0,0.0,0,0,0,0,0.0,0.0,0.0,57,0,0,0,45,2,5,5,5,45,0,0,0,5,45,0,Generic,1
85994,0.969879,tcp,-,FIN,12,8,1358,712,19.590073,254,252,10269.32227,5138.785645,3,2,82.984362,124.960289,4587.12114,189.909109,255,1722516402,766505529,255,0.170114,0.095153,0.074961,113,89,0,0,8,1,1,2,1,4,0,0,0,2,4,0,Normal,0
119753,5e-06,udp,dns,INT,2,0,114,0,200000.0051,254,0,91200000.0,0.0,0,0,0.005,0.0,0.0,0.0,0,0,0,0,0.0,0.0,0.0,57,0,0,0,16,2,16,16,16,16,0,0,0,16,16,0,Generic,1
127156,9e-06,udp,dns,INT,2,0,114,0,111111.1072,254,0,50666664.0,0.0,0,0,0.009,0.0,0.0,0.0,0,0,0,0,0.0,0.0,0.0,57,0,0,0,32,2,18,18,18,32,0,0,0,18,32,0,Generic,1
156379,3.653134,tcp,smtp,FIN,54,24,48215,1954,21.077792,62,252,103632.6563,4101.683594,24,8,68.927059,153.624734,8075.908039,334.879406,255,909361563,666980453,255,0.149452,0.119127,0.030325,893,81,0,0,1,1,1,1,1,1,0,0,0,3,1,0,Exploits,1
46359,1.193675,tcp,ftp,FIN,22,22,1174,1658,36.023204,62,252,7512.932617,10609.25293,7,9,56.841666,56.238143,3078.967065,3703.400518,255,340404191,2240421427,255,0.056502,0.012018,0.044484,53,75,0,0,1,1,2,1,1,2,0,0,0,2,1,0,Exploits,1
129322,4e-06,udp,dns,INT,2,0,114,0,250000.0006,254,0,114000000.0,0.0,0,0,0.004,0.0,0.0,0.0,0,0,0,0,0.0,0.0,0.0,57,0,0,0,13,2,13,13,13,13,0,0,0,13,13,0,Generic,1
99518,4e-06,idrp,-,INT,2,0,200,0,250000.0006,254,0,200000000.0,0.0,0,0,0.004,0.0,0.0,0.0,0,0,0,0,0.0,0.0,0.0,100,0,0,0,6,2,2,2,2,6,0,0,0,2,6,0,DoS,1
40003,0.010219,tcp,-,FIN,8,9,416,6968,1565.710888,31,29,284959.375,4849006.5,0,1,1.417143,1.0495,2.358387,69.324008,255,835350495,2985207171,255,0.0,0.0,0.0,52,774,0,0,5,0,4,1,1,2,0,0,0,4,6,0,Normal,0
24188,0.001024,udp,dns,CON,2,2,146,178,2929.687507,31,29,570312.5,695312.5,0,0,0.01,0.007,0.0,0.0,0,0,0,0,0.0,0.0,0.0,73,89,0,0,1,0,8,1,1,3,0,0,0,1,4,0,Normal,0
40818,0.628308,tcp,http,FIN,10,10,814,1164,30.239946,62,252,9333.001953,13343.77441,2,2,69.812,63.061109,4113.575681,114.96818,255,3812359735,2956511542,255,0.122082,0.06,0.062082,81,116,1,137,7,1,2,2,2,6,0,0,4,3,6,0,Normal,0
24725,0.026278,tcp,ftp,FIN,52,54,2934,3742,3995.73783,31,29,876170.1875,1118197.75,11,15,0.540792,0.485547,39.322146,1.012369,255,2374684527,230345265,255,0.00065,0.00054,0.00011,56,69,0,0,1,0,4,1,1,4,1,1,0,6,1,0,Normal,0
61618,0.565892,tcp,http,FIN,12,6,3870,268,30.041069,254,252,50157.98047,3166.682129,3,1,50.032092,105.419797,3773.363687,188.248219,255,704056916,1904922169,255,0.072348,0.038787,0.033561,323,45,1,0,1,1,1,1,1,1,0,0,1,2,1,0,DoS,1
45700,2.168162,tcp,http,FIN,10,10,872,1208,8.763182,62,252,2896.462402,4014.459961,2,2,240.906889,229.014438,15300.52877,552.399875,255,2395986623,4258116337,255,0.208194,0.078991,0.129203,87,121,1,137,1,1,1,1,1,1,0,0,1,1,1,0,Normal,0
929,1.379043,tcp,-,FIN,16,18,1540,1644,23.929638,31,29,8376.824219,9009.146484,4,4,91.910131,79.30582,6219.754938,157.659516,255,926976487,3279049701,255,0.036648,0.030843,0.005805,96,91,0,0,15,0,5,14,1,3,0,0,0,14,7,0,Normal,0
92015,3e-06,tcp,-,REQ,2,0,90,0,333333.3215,254,0,119999992.0,0.0,1,0,0.003,0.0,0.0,0.0,255,0,0,0,0.0,0.0,0.0,45,0,0,0,15,6,3,1,1,15,0,0,0,3,15,0,Normal,0
106935,0.90284,tcp,http,FIN,12,10,942,1440,23.259935,62,252,7655.841309,11483.76172,2,2,82.076362,88.704109,5553.925899,151.262828,255,1899215365,9091803,255,0.138119,0.076485,0.061634,79,144,1,264,1,1,1,1,1,1,0,0,1,1,1,0,Exploits,1
57835,3e-06,crtp,-,INT,2,0,200,0,333333.3215,254,0,266666656.0,0.0,0,0,0.003,0.0,0.0,0.0,0,0,0,0,0.0,0.0,0.0,100,0,0,0,5,2,1,1,1,5,0,0,0,2,5,0,Exploits,1
151506,9e-06,udp,dns,INT,2,0,114,0,111111.1072,254,0,50666664.0,0.0,0,0,0.009,0.0,0.0,0.0,0,0,0,0,0.0,0.0,0.0,57,0,0,0,33,2,17,17,17,33,0,0,0,17,33,0,Generic,1
44639,1.262516,tcp,-,FIN,12,10,1490,788,16.633452,254,252,8655.731445,4498.952637,3,2,114.774183,125.838445,6070.800351,220.740531,255,4034208767,1750451331,255,0.301079,0.100462,0.200617,124,79,0,0,3,1,1,1,1,1,0,0,0,2,2,0,Fuzzers,1
16938,3.5e-05,udp,dns,INT,2,0,114,0,28571.42781,254,0,13028571.0,0.0,0,0,0.035,0.0,0.0,0.0,0,0,0,0,0.0,0.0,0.0,57,0,0,0,38,2,26,26,16,38,0,0,0,26,38,0,Generic,1
48419,1e-05,unas,-,INT,2,0,200,0,100000.0025,254,0,80000000.0,0.0,0,0,0.01,0.0,0.0,0.0,0,0,0,0,0.0,0.0,0.0,100,0,0,0,4,2,2,2,2,2,0,0,0,6,4,0,Exploits,1
139114,7e-06,udp,dns,INT,2,0,114,0,142857.1409,254,0,65142856.0,0.0,0,0,0.007,0.0,0.0,0.0,0,0,0,0,0.0,0.0,0.0,57,0,0,0,33,2,18,17,17,33,0,0,0,17,33,0,Generic,1
76852,3e-06,unas,-,INT,2,0,200,0,333333.3215,254,0,266666656.0,0.0,0,0,0.003,0.0,0.0,0.0,0,0,0,0,0.0,0.0,0.0,100,0,0,0,3,2,1,1,1,4,0,0,0,1,3,0,Exploits,1
14286,3e-06,udp,dns,INT,2,0,114,0,333333.3215,254,0,152000000.0,0.0,0,0,0.003,0.0,0.0,0.0,0,0,0,0,0.0,0.0,0.0,57,0,0,0,25,2,25,25,25,25,0,0,0,25,25,0,Generic,1
49021,0.623808,tcp,-,FIN,10,6,994,268,24.045859,254,252,11477.89063,2872.678711,2,1,64.150222,106.082203,3210.566549,155.082609,255,161699163,1261363937,255,0.174724,0.093395,0.081329,99,45,0,0,6,1,3,3,3,6,0,0,0,3,10,0,Fuzzers,1
65629,1.2e-05,udp,dns,INT,2,0,114,0,83333.33039,254,0,38000000.0,0.0,0,0,0.012,0.0,0.0,0.0,0,0,0,0,0.0,0.0,0.0,57,0,0,0,9,2,3,3,3,3,0,0,0,3,9,0,Generic,1
145484,9e-06,srp,-,INT,2,0,200,0,111111.1072,254,0,88888888.0,0.0,0,0,0.009,0.0,0.0,0.0,0,0,0,0,0.0,0.0,0.0,100,0,0,0,6,2,3,3,3,6,0,0,0,4,6,0,Exploits,1
41519,1.178077,tcp,-,FIN,10,6,534,268,12.732614,254,252,3266.340088,1521.123047,2,1,127.822556,219.513203,8116.219665,399.694062,255,4096380652,3449161467,255,0.18089,0.080503,0.100387,53,45,0,0,3,1,1,1,1,3,0,0,0,1,4,0,Normal,0
59731,7e-06,udp,dns,INT,2,0,114,0,142857.1409,254,0,65142856.0,0.0,0,0,0.007,0.0,0.0,0.0,0,0,0,0,0.0,0.0,0.0,57,0,0,0,7,2,4,4,4,4,0,0,0,4,7,0,Generic,1
97152,0.189472,tcp,http,FIN,10,6,818,268,79.167368,254,252,31118.05273,9457.861328,2,1,19.112778,34.504398,996.80864,51.266816,255,2190449564,265494878,255,0.066938,0.016939,0.049999,82,45,1,0,1,1,1,1,1,1,0,0,1,1,1,0,Reconnaissance,1
174337,3e-06,udp,dns,INT,2,0,114,0,333333.3215,254,0,152000000.0,0.0,0,0,0.003,0.0,0.0,0.0,0,0,0,0,0.0,0.0,0.0,57,0,0,0,24,2,7,7,7,24,0,0,0,7,24,0,Generic,1
69170,0.630642,tcp,-,FIN,10,6,2516,268,23.785286,254,252,28732.625,2841.548828,2,1,67.381333,110.212203,3398.63158,167.388406,255,813949993,1369804214,255,0.175402,0.079572,0.09583,252,45,0,0,4,1,1,1,1,4,0,0,0,1,4,0,Normal,0
175130,3e-06,udp,dns,INT,2,0,114,0,333333.3215,254,0,152000000.0,0.0,0,0,0.003,0.0,0.0,0.0,0,0,0,0,0.0,0.0,0.0,57,0,0,0,33,2,33,33,17,33,0,0,0,33,33,0,Generic,1
129866,5e-06,udp,-,INT,2,0,104,0,200000.0051,254,0,83200000.0,0.0,0,0,0.005,0.0,0.0,0.0,0,0,0,0,0.0,0.0,0.0,52,0,0,0,3,2,2,2,1,3,0,0,0,2,5,0,Fuzzers,1
132991,9e-06,udp,dns,INT,2,0,114,0,111111.1072,254,0,50666664.0,0.0,0,0,0.009,0.0,0.0,0.0,0,0,0,0,0.0,0.0,0.0,57,0,0,0,17,2,17,17,9,17,0,0,0,17,17,0,Generic,1
155102,8e-06,udp,dns,INT,2,0,114,0,125000.0003,254,0,57000000.0,0.0,0,0,0.008,0.0,0.0,0.0,0,0,0,0,0.0,0.0,0.0,57,0,0,0,27,2,11,10,10,27,0,0,0,11,27,0,Generic,1
128030,4e-06,udp,dns,INT,2,0,114,0,250000.0006,254,0,114000000.0,0.0,0,0,0.004,0.0,0.0,0.0,0,0,0,0,0.0,0.0,0.0,57,0,0,0,34,2,27,27,9,34,0,0,0,27,34,0,Generic,1
57947,5e-06,udp,dns,INT,2,0,114,0,200000.0051,254,0,91200000.0,0.0,0,0,0.005,0.0,0.0,0.0,0,0,0,0,0.0,0.0,0.0,57,0,0,0,12,2,5,5,1,5,0,0,0,5,12,0,Generic,1
118896,1.671878,tcp,-,FIN,14,10,4028,554,13.756985,254,252,17900.82813,2387.734131,4,2,126.50084,176.716328,8331.470617,308.736438,255,2303459868,2835262809,255,0.180734,0.081426,0.099308,288,55,0,0,1,1,1,1,1,1,0,0,0,2,1,0,Exploits,1
32243,11.036276,tcp,-,FIN,426,858,24016,1094788,116.252984,31,29,17368.17773,792668.125,38,390,26.028191,12.891305,9770.689573,6882.785602,255,132930663,138925710,255,0.003175,0.001316,0.001859,56,1276,0,0,4,0,3,1,1,3,0,0,0,3,10,0,Normal,0
36431,0.004766,udp,-,CON,4,4,568,312,1468.736896,31,29,715065.0625,392782.2188,0,0,1.249667,1.086333,1.756691,1.527115,0,0,0,0,0.0,0.0,0.0,142,78,0,0,7,0,8,1,1,3,0,0,0,3,9,0,Normal,0
59430,2.468835,tcp,http,FIN,26,46,7308,43334,28.758502,254,252,22770.25195,137366.8125,9,21,98.7534,52.832625,5038.22141,3929.267822,255,2007674697,1649886663,255,0.189654,0.076712,0.112942,281,942,1,48,1,1,1,1,1,1,0,0,1,1,1,0,Backdoor,1
75545,5e-06,unas,-,INT,2,0,200,0,200000.0051,254,0,160000000.0,0.0,0,0,0.005,0.0,0.0,0.0,0,0,0,0,0.0,0.0,0.0,100,0,0,0,6,2,2,2,2,6,0,0,0,2,6,0,Backdoor,1
48324,0.276639,tcp,http,FIN,10,6,742,268,54.222287,254,252,19317.59375,6477.755859,2,1,30.644889,44.876602,1674.481197,66.153867,255,2923720598,3872168412,255,0.108013,0.052246,0.055767,74,45,1,0,1,1,1,1,1,1,0,0,1,1,1,0,Exploits,1
21665,1.146618,tcp,http,FIN,350,746,18682,1087890,954.982385,31,29,129975.2813,7580080.0,2,370,3.284556,1.538348,193.918797,113.112776,255,1831617463,3978048824,255,0.000707,0.000545,0.000162,53,1458,1,524288,2,0,2,1,1,1,0,0,1,4,2,0,Normal,0
26722,2.754917,tcp,ssh,FIN,108,114,9504,12298,80.220205,31,29,27343.11133,35401.42969,26,31,25.74401,24.587795,1612.661791,1575.805823,255,3540104496,1395002850,255,0.001236,0.001075,0.000161,88,108,0,0,2,0,3,2,1,2,0,0,0,4,2,0,Normal,0
115865,9e-06,unas,-,INT,2,0,200,0,111111.1072,254,0,88888888.0,0.0,0,0,0.009,0.0,0.0,0.0,0,0,0,0,0.0,0.0,0.0,100,0,0,0,2,2,2,2,2,2,0,0,0,2,2,0,Exploits,1
60259,0.697674,tcp,-,FIN,10,10,608,646,27.233351,254,252,6283.737305,6673.604004,1,2,6363.95,6366.0815,629397.3746,18892.962,255,950606619,3575740913,255,0.169256,0.076385,0.092871,61,65,0,0,4,1,2,2,2,3,0,0,0,2,3,0,Exploits,1
9277,0.035949,tcp,-,FIN,78,80,4550,72810,4367.298211,31,29,999638.375,16000445.0,7,33,0.462597,0.446354,23.780203,23.484876,255,1245037827,1245370841,255,0.000811,0.000678,0.000133,58,910,0,0,3,0,7,1,1,1,0,0,0,4,2,0,Normal,0
133705,4e-06,udp,-,INT,2,0,2792,0,250000.0006,254,0,2792000000.0,0.0,0,0,0.004,0.0,0.0,0.0,0,0,0,0,0.0,0.0,0.0,1396,0,0,0,2,2,1,1,1,1,0,0,0,2,1,0,Exploits,1
51297,4e-06,udp,-,INT,2,0,314,0,250000.0006,254,0,314000000.0,0.0,0,0,0.004,0.0,0.0,0.0,0,0,0,0,0.0,0.0,0.0,157,0,0,0,29,2,10,10,1,10,0,0,0,10,29,0,Fuzzers,1
55540,9e-06,sm,-,INT,2,0,200,0,111111.1072,254,0,88888888.0,0.0,0,0,0.009,0.0,0.0,0.0,0,0,0,0,0.0,0.0,0.0,100,0,0,0,2,2,1,1,1,2,0,0,0,19,2,0,Exploits,1
77218,5e-06,mtp,-,INT,2,0,200,0,200000.0051,254,0,160000000.0,0.0,0,0,0.005,0.0,0.0,0.0,0,0,0,0,0.0,0.0,0.0,100,0,0,0,7,2,3,3,3,7,0,0,0,24,7,0,DoS,1
144602,4e-06,udp,dns,INT,2,0,114,0,250000.0006,254,0,114000000.0,0.0,0,0,0.004,0.0,0.0,0.0,0,0,0,0,0.0,0.0,0.0,57,0,0,0,33,2,16,16,16,34,0,0,0,17,33,0,Generic,1
33064,0.640065,tcp,smtp,FIN,52,42,37232,3380,145.29774,31,29,456403.625,41245.80859,18,8,12.543667,15.596269,879.723066,27.167391,255,3796719836,1726610363,255,0.00078,0.00061,0.00017,716,80,0,0,2,0,3,1,1,1,0,0,0,5,4,0,Normal,0
34070,0.001297,udp,dns,CON,2,2,146,178,2313.030104,31,29,450269.875,548959.125,0,0,0.01,0.009,0.0,0.0,0,0,0,0,0.0,0.0,0.0,73,89,0,0,2,0,3,2,1,2,0,0,0,3,1,0,Normal,0
104377,1.193694,tcp,-,FIN,10,8,774,354,14.241506,254,252,4671.213867,2077.584473,2,1,132.602444,153.534141,6805.405525,267.206375,255,4150558756,3956149784,255,0.248707,0.118946,0.129761,77,44,0,0,10,1,1,1,1,8,0,0,0,2,6,0,Fuzzers,1
56234,1e-06,mtp,-,INT,2,0,200,0,1000000.003,254,0,800000000.0,0.0,0,0,0.001,0.0,0.0,0.0,0,0,0,0,0.0,0.0,0.0,100,0,0,0,6,2,1,1,1,6,0,0,0,1,6,0,Exploits,1
66713,2e-05,udp,-,INT,2,0,104,0,50000.00126,254,0,20800000.0,0.0,0,0,0.02,0.0,0.0,0.0,0,0,0,0,0.0,0.0,0.0,52,0,0,0,4,2,1,1,1,2,0,0,0,2,2,0,Normal,0
113797,0.23472,sctp,-,CON,4,2,536,440,21.301976,254,60,13701.43066,7498.29541,0,0,78.24,0.004,110.638172,0.0,0,0,0,0,0.0,0.0,0.0,134,220,0,0,1,0,1,1,1,1,0,0,0,2,1,0,Backdoor,1
100807,1.350503,tcp,http,FIN,10,10,866,1406,14.068832,62,252,4620.500977,7499.428223,2,2,149.994889,142.168672,9082.138989,214.024563,255,4177542127,487027511,255,0.173749,0.070977,0.102772,87,141,1,252,1,1,2,1,1,2,0,0,1,2,1,0,Exploits,1
39859,1.151847,tcp,http,FIN,14,18,1684,10168,26.913297,31,29,10862.55371,66703.30469,3,5,88.576613,67.725,8846.738164,7746.081283,255,3181001231,1037194895,255,0.000646,0.000518,0.000128,120,565,1,3924,3,0,3,2,1,2,0,0,1,4,3,0,Normal,0
4525,0.79998,tcp,-,FIN,10,8,766,354,21.250532,254,252,6900.172852,3100.077637,2,1,82.694111,98.632,4499.107539,177.502969,255,626709895,3156608234,255,0.167809,0.109544,0.058265,77,44,0,0,8,1,1,1,1,1,0,0,0,3,1,0,DoS,1
42655,0.353282,tcp,-,FIN,10,6,604,268,42.458998,254,252,12318.77051,5072.435059,2,1,39.253556,53.907801,1972.677094,96.240742,255,181965087,3807297450,255,0.079408,0.054438,0.02497,60,45,0,0,9,1,1,1,1,7,0,0,0,1,7,0,Normal,0
38351,0.009921,udp,-,CON,4,4,568,312,705.574011,31,29,343513.75,188690.6563,0,0,3.015667,2.82,4.255604,3.979597,0,0,0,0,0.0,0.0,0.0,142,78,0,0,3,0,5,1,1,3,0,0,0,5,5,0,Normal,0
132495,4e-06,udp,dns,INT,2,0,114,0,250000.0006,254,0,114000000.0,0.0,0,0,0.004,0.0,0.0,0.0,0,0,0,0,0.0,0.0,0.0,57,0,0,0,7,2,7,7,7,7,0,0,0,7,7,0,Generic,1
99277,8.373841,tcp,smtp,FIN,22,28,2364,2088,5.851556,62,252,2156.238525,1924.087158,7,8,398.754321,307.842219,27574.73731,652.133125,255,4154056336,701870489,255,0.110472,0.061333,0.049139,107,75,0,0,1,1,1,1,1,1,0,0,0,1,1,0,Exploits,1
73111,4.7e-05,swipe,-,INT,1,0,60,0,0.0,0,0,0.0,0.0,0,0,0.0,0.0,0.0,0.0,0,0,0,0,0.0,0.0,0.0,60,0,0,0,4,2,2,1,1,4,0,0,0,2,4,0,Exploits,1
52420,1.090949,tcp,ftp,FIN,20,22,1092,1626,37.581956,62,252,7611.721191,11388.24902,7,9,57.366474,51.554618,2930.041663,2760.164354,255,2820758756,2566543637,255,0.054314,0.008297,0.046017,55,74,0,0,1,1,1,1,1,1,0,0,0,2,1,0,Exploits,1
66296,4e-06,i-nlsp,-,INT,2,0,200,0,250000.0006,254,0,200000000.0,0.0,0,0,0.004,0.0,0.0,0.0,0,0,0,0,0.0,0.0,0.0,100,0,0,0,4,2,1,1,1,4,0,0,0,1,4,0,Exploits,1
1061,2.050433,tcp,-,FIN,16,18,1540,1644,16.094162,31,29,5633.932129,6059.208008,4,4,136.674673,120.586586,8244.144816,239.444953,255,974460698,1374166687,255,0.000579,0.00046,0.000119,96,91,0,0,3,0,18,3,1,2,0,0,0,4,17,0,Normal,0
71109,3e-06,vrrp,-,INT,2,0,200,0,333333.3215,254,0,266666656.0,0.0,0,0,0.003,0.0,0.0,0.0,0,0,0,0,0.0,0.0,0.0,100,0,0,0,4,2,2,2,2,4,0,0,0,16,4,0,Exploits,1
126343,0.75631,tcp,-,FIN,10,8,564,354,22.477556,254,252,5373.458008,3279.078857,2,1,79.862778,102.587711,6029.27366,139.263875,255,2989450925,235034260,255,0.064505,0.038187,0.026318,56,44,0,0,3,1,1,1,1,1,0,0,0,1,1,0,Reconnaissance,1
49494,9e-06,udp,-,INT,2,0,104,0,111111.1072,254,0,46222220.0,0.0,0,0,0.009,0.0,0.0,0.0,0,0,0,0,0.0,0.0,0.0,52,0,0,0,3,2,1,1,1,3,0,0,0,1,3,0,Fuzzers,1
99225,1.870358,tcp,pop3,FIN,20,20,948,2582,20.851623,62,252,3853.807617,10492.10938,7,8,98.390104,95.069688,5216.949325,125.343437,255,2022009483,408163863,255,0.140268,0.064031,0.076237,47,129,0,0,1,1,1,1,1,1,0,0,0,2,1,0,Exploits,1
150520,9e-06,unas,-,INT,2,0,200,0,111111.1072,254,0,88888888.0,0.0,0,0,0.009,0.0,0.0,0.0,0,0,0,0,0.0,0.0,0.0,100,0,0,0,6,2,2,2,2,6,0,0,0,3,6,0,Exploits,1
113364,1.325143,pim,-,INT,8,0,480,0,5.282449,254,0,2535.575439,0.0,0,0,189.306141,0.0,422.259813,0.0,0,0,0,0,0.0,0.0,0.0,60,0,0,0,2,2,1,1,1,2,0,0,0,1,2,0,DoS,1
106792,0.0,arp,-,INT,1,0,46,0,0.0,0,0,0.0,0.0,0,0,60000.752,0.0,0.0,0.0,0,0,0,0,0.0,0.0,0.0,46,0,0,0,1,2,1,1,1,1,0,0,0,1,1,1,Normal,0
40552,0.001073,udp,dns,CON,2,2,130,162,2795.899292,31,29,484622.5313,603914.25,0,0,0.007,0.01,0.0,0.0,0,0,0,0,0.0,0.0,0.0,65,81,0,0,3,0,1,1,1,1,0,0,0,4,1,0,Normal,0
155412,0.657483,tcp,http,FIN,10,6,848,268,22.814279,254,252,9296.057617,2725.545898,2,1,72.953,106.371602,3847.554707,187.495969,255,174308294,2282132299,255,0.187693,0.125619,0.062074,85,45,1,0,1,1,1,1,1,1,0,0,1,2,1,0,Reconnaissance,1
115478,0.983629,tcp,-,FIN,12,8,1106,736,19.316226,254,252,8247.011719,5237.74707,3,2,89.420818,118.455711,4796.085964,168.130406,255,1149708197,3931348436,255,0.212983,0.154092,0.058891,92,92,0,0,2,1,1,1,1,2,0,0,0,1,2,0,Fuzzers,1
7678,0.156334,tcp,-,FIN,20,22,4240,2664,262.259013,31,29,206122.7969,130131.6406,7,7,8.210579,7.419429,730.439688,20.488027,255,3690251324,1543704353,255,0.000639,0.000522,0.000117,212,121,0,0,8,0,3,1,1,2,0,0,0,3,12,0,Normal,0
62091,2.636053,tcp,smtp,FIN,148,38,172873,2438,70.180681,62,252,521097.25,7204.710938,71,8,17.932333,68.456,1744.072734,81.241664,255,1575759253,2122126163,255,0.12203,0.045664,0.076366,1168,64,0,0,1,1,1,1,1,1,0,0,0,1,1,0,Exploits,1
115359,8e-06,larp,-,INT,2,0,200,0,125000.0003,254,0,100000000.0,0.0,0,0,0.008,0.0,0.0,0.0,0,0,0,0,0.0,0.0,0.0,100,0,0,0,4,2,2,2,2,4,0,0,0,2,4,0,Fuzzers,1
75003,7e-06,udp,-,INT,2,0,104,0,142857.1409,254,0,59428572.0,0.0,0,0,0.007,0.0,0.0,0.0,0,0,0,0,0.0,0.0,0.0,52,0,0,0,6,2,1,1,1,5,0,0,0,2,5,0,Normal,0
10709,0.433295,tcp,http,FIN,10,6,830,268,34.618446,254,252,13791.98926,4135.750488,2,1,42.190111,77.069602,2034.324506,95.094461,255,3084322075,3410092039,255,0.106115,0.047941,0.058174,83,45,1,0,1,1,1,1,1,1,0,0,1,1,1,0,Reconnaissance,1
64094,4.540433,tcp,pop3,FIN,40,114,1832,126924,33.697227,62,252,3148.598389,221672.25,7,55,116.421363,39.733267,6870.37619,4091.659975,255,973768619,1060576136,255,0.190426,0.08955,0.100876,46,1113,0,0,1,1,2,1,1,1,0,0,0,1,1,0,Exploits,1
7208,0.328449,tcp,http,FIN,10,6,1296,268,45.669189,254,252,28424.50391,5455.945801,2,1,34.029222,56.455,1681.684053,78.133281,255,1738862795,734401623,255,0.095843,0.046171,0.049672,130,45,1,0,1,1,5,1,1,1,0,0,1,1,1,0,Worms,1
55234,9e-06,unas,-,INT,2,0,200,0,111111.1072,254,0,88888888.0,0.0,0,0,0.009,0.0,0.0,0.0,0,0,0,0,0.0,0.0,0.0,100,0,0,0,3,2,1,1,1,3,0,0,0,2,3,0,Exploits,1
75017,3e-06,udp,-,INT,2,0,104,0,333333.3215,254,0,138666656.0,0.0,0,0,0.003,0.0,0.0,0.0,0,0,0,0,0.0,0.0,0.0,52,0,0,0,8,2,1,1,1,7,0,0,0,2,7,0,Normal,0
47675,0.187843,tcp,http,FIN,10,16,784,13990,133.089871,62,252,30067.66406,558594.1875,2,6,20.871444,11.855933,1103.967273,1284.282278,255,425062087,3621598151,255,0.051032,0.006635,0.044397,78,874,1,6436,1,1,1,1,1,1,0,0,1,1,1,0,DoS,1
38604,0.354072,udp,-,CON,4,4,544,304,19.76999,31,29,9218.463867,5151.494629,0,0,52.002,74.313664,73.536984,105.089742,0,0,0,0,0.0,0.0,0.0,136,76,0,0,8,0,2,1,1,6,0,0,0,5,6,0,Normal,0
74237,1e-06,unas,-,INT,2,0,200,0,1000000.003,254,0,800000000.0,0.0,0,0,0.001,0.0,0.0,0.0,0,0,0,0,0.0,0.0,0.0,100,0,0,0,2,2,1,1,1,2,0,0,0,1,2,0,DoS,1
87362,1.1e-05,sctp,-,INT,2,0,1336,0,90909.0902,254,0,485818176.0,0.0,0,0,0.011,0.0,0.0,0.0,0,0,0,0,0.0,0.0,0.0,668,0,0,0,1,2,1,1,1,1,0,0,0,1,1,0,Exploits,1
50109,3e-06,unas,-,INT,2,0,200,0,333333.3215,254,0,266666656.0,0.0,0,0,0.003,0.0,0.0,0.0,0,0,0,0,0.0,0.0,0.0,100,0,0,0,2,2,2,2,2,2,0,0,0,6,2,0,Analysis,1
79695,0.419309,tcp,-,FIN,10,6,672,268,35.773142,254,252,11542.80078,4273.698242,2,1,46.589889,54.929398,2316.493067,97.910898,255,1480689261,3777555757,255,0.149737,0.111905,0.037832,67,45,0,0,7,1,2,2,1,7,0,0,0,2,7,0,Normal,0
130413,8e-06,udp,dns,INT,2,0,114,0,125000.0003,254,0,57000000.0,0.0,0,0,0.008,0.0,0.0,0.0,0,0,0,0,0.0,0.0,0.0,57,0,0,0,28,2,13,12,12,28,0,0,0,12,28,0,Generic,1
170601,3e-06,udp,dns,INT,2,0,114,0,333333.3215,254,0,152000000.0,0.0,0,0,0.003,0.0,0.0,0.0,0,0,0,0,0.0,0.0,0.0,57,0,0,0,17,2,17,17,17,17,0,0,0,17,17,0,Generic,1
38261,0.084128,udp,-,CON,4,4,528,304,83.206543,31,29,37656.90234,21681.24805,0,0,11.664333,23.678334,16.459102,33.474199,0,0,0,0,0.0,0.0,0.0,132,76,0,0,9,0,3,1,1,3,0,0,0,5,4,0,Normal,0
169500,1e-06,udp,dns,INT,2,0,114,0,1000000.003,254,0,456000000.0,0.0,0,0,0.001,0.0,0.0,0.0,0,0,0,0,0.0,0.0,0.0,57,0,0,0,15,2,15,15,15,15,0,0,0,15,15,0,Generic,1
67140,1.855927,tcp,-,FIN,10,8,906,354,9.159843,254,252,3517.379639,1336.259521,2,1,206.214111,247.800281,12162.50681,382.350531,255,4188037371,4107702589,255,0.229879,0.100658,0.129221,91,44,0,0,3,1,1,1,1,1,0,0,0,1,1,0,Normal,0
37512,0.001022,udp,dns,CON,2,2,146,178,2935.420795,31,29,571428.5625,696673.1875,0,0,0.009,0.002,0.0,0.0,0,0,0,0,0.0,0.0,0.0,73,89,0,0,4,0,5,2,1,4,0,0,0,5,4,0,Normal,0
66952,1.1e-05,udp,-,INT,2,0,1290,0,90909.0902,254,0,469090912.0,0.0,0,0,0.011,0.0,0.0,0.0,0,0,0,0,0.0,0.0,0.0,645,0,0,0,28,2,8,8,1,28,0,0,0,8,28,0,Normal,0
154263,3e-06,udp,-,INT,2,0,168,0,333333.3215,254,0,224000000.0,0.0,0,0,0.003,0.0,0.0,0.0,0,0,0,0,0.0,0.0,0.0,84,0,0,0,2,2,2,1,1,1,0,0,0,1,1,0,Reconnaissance,1
58999,1.2e-05,udp,dns,INT,2,0,114,0,83333.33039,254,0,38000000.0,0.0,0,0,0.012,0.0,0.0,0.0,0,0,0,0,0.0,0.0,0.0,57,0,0,0,4,2,3,3,3,3,0,0,0,3,4,0,Generic,1
110173,0.879809,tcp,-,FIN,10,8,564,354,19.322375,254,252,4619.184082,2818.793457,2,1,89.296778,115.51957,6233.699535,147.144438,255,3172599609,3893365228,255,0.154226,0.071167,0.083059,56,44,0,0,1,1,1,1,1,1,0,0,0,1,1,0,Reconnaissance,1
75971,3.867556,tcp,pop3,FIN,40,158,1832,185511,50.936559,62,252,3696.391113,381299.1875,7,77,99.145717,24.13042,5237.348156,2527.479005,255,3837779825,1380408378,255,0.131245,0.079071,0.052174,46,1174,0,0,1,1,1,1,1,1,0,0,0,2,1,0,Exploits,1
85415,1e-05,udp,-,INT,2,0,974,0,100000.0025,254,0,389600000.0,0.0,0,0,0.01,0.0,0.0,0.0,0,0,0,0,0.0,0.0,0.0,487,0,0,0,22,2,7,6,1,22,0,0,0,6,23,0,Normal,0
61225,1.325653,tcp,-,FIN,8,12,364,8438,14.33256,62,252,1925.089111,46678.88281,1,4,189.199857,113.879,12651.0093,9965.297105,255,4163072859,3102849461,255,0.130482,0.072983,0.057499,46,703,0,0,9,1,2,1,1,2,0,0,0,6,3,0,Exploits,1
12640,9e-06,udp,dns,INT,2,0,114,0,111111.1072,254,0,50666664.0,0.0,0,0,0.009,0.0,0.0,0.0,0,0,0,0,0.0,0.0,0.0,57,0,0,0,12,2,9,9,9,12,0,0,0,9,12,0,Generic,1
155041,3e-06,udp,dns,INT,2,0,114,0,333333.3215,254,0,152000000.0,0.0,0,0,0.003,0.0,0.0,0.0,0,0,0,0,0.0,0.0,0.0,57,0,0,0,26,2,26,26,13,26,0,0,0,26,26,0,Generic,1
34355,0.004155,tcp,http,FIN,8,10,1044,824,4091.455874,31,29,1759807.375,1428640.125,2,2,0.544429,0.402556,35.061736,0.749161,255,4030587170,1882044782,255,0.000666,0.000528,0.000138,131,82,1,83,2,0,6,2,1,6,0,0,1,8,2,0,Normal,0
169352,2e-06,udp,dns,INT,2,0,114,0,500000.0013,254,0,228000000.0,0.0,0,0,0.002,0.0,0.0,0.0,0,0,0,0,0.0,0.0,0.0,57,0,0,0,10,2,10,10,10,10,0,0,0,10,10,0,Generic,1
1123,21.86084,tcp,-,FIN,64,68,3806,51912,5.99245,31,29,1371.218994,18718.03711,7,26,358.369016,326.272045,75570.5544,72149.85596,255,2639836097,494777920,255,0.000725,0.000597,0.000128,59,763,0,0,5,0,1,1,1,3,0,0,0,2,14,0,Normal,0
43002,0.900852,tcp,-,FIN,16,14,912,780,32.191746,254,252,7592.812012,6438.349121,5,4,58.871668,64.73377,3742.152559,99.239477,255,2986254301,1734755718,255,0.089592,0.059304,0.030288,57,56,0,0,5,1,1,1,1,5,0,0,0,1,5,0,Normal,0
63420,2e-06,udp,-,INT,2,0,1446,0,500000.0013,254,0,2892000000.0,0.0,0,0,0.002,0.0,0.0,0.0,0,0,0,0,0.0,0.0,0.0,723,0,0,0,4,2,2,1,1,4,0,0,0,26,4,0,Fuzzers,1
20650,9e-06,udp,dns,INT,2,0,114,0,111111.1072,254,0,50666664.0,0.0,0,0,0.009,0.0,0.0,0.0,0,0,0,0,0.0,0.0,0.0,57,0,0,0,43,2,43,43,18,43,0,0,0,44,43,0,Generic,1
40368,0.087314,udp,-,CON,4,4,568,320,80.170417,31,29,39031.53906,21989.59961,0,0,23.986334,24.012666,33.909777,33.951262,0,0,0,0,0.0,0.0,0.0,142,80,0,0,3,0,3,1,1,3,0,0,0,3,5,0,Normal,0
137891,0.467569,tcp,-,FIN,10,6,532,268,32.080827,254,252,8195.582031,3832.589355,2,1,48.563556,71.268602,2841.102686,109.495953,255,3741540615,2110682829,255,0.22057,0.111217,0.109353,53,45,0,0,1,1,1,1,1,1,0,0,0,1,1,0,Fuzzers,1
81397,0.0,arp,-,INT,1,0,46,0,0.0,0,0,0.0,0.0,0,0,60000.708,0.0,10.954516,0.0,0,0,0,0,0.0,0.0,0.0,46,0,0,0,1,2,1,1,1,1,0,0,0,1,1,1,Normal,0
24247,0.001598,udp,-,CON,4,4,528,304,4380.475747,31,29,1982478.125,1141426.875,0,0,0.407667,0.205333,0.568043,0.286849,0,0,0,0,0.0,0.0,0.0,132,76,0,0,9,0,3,1,1,3,0,0,0,5,8,0,Normal,0
79953,0.33446,tcp,-,FIN,10,6,756,268,44.848414,254,252,16288.94336,5357.890625,2,1,36.092889,57.404199,2314.697054,104.485672,255,81664253,2434410278,255,0.101092,0.047436,0.053656,76,45,0,0,2,1,1,1,1,2,0,0,0,2,2,0,Fuzzers,1
69109,5e-06,tcp,-,REQ,2,0,90,0,200000.0051,254,0,72000000.0,0.0,1,0,0.005,0.0,0.0,0.0,255,0,0,0,0.0,0.0,0.0,45,0,0,0,8,6,3,1,1,7,0,0,0,3,7,0,Normal,0
152441,9e-06,udp,dns,INT,2,0,114,0,111111.1072,254,0,50666664.0,0.0,0,0,0.009,0.0,0.0,0.0,0,0,0,0,0.0,0.0,0.0,57,0,0,0,27,2,17,17,17,27,0,0,0,17,27,0,Generic,1
17372,9e-06,udp,dns,INT,2,0,114,0,111111.1072,254,0,50666664.0,0.0,0,0,0.009,0.0,0.0,0.0,0,0,0,0,0.0,0.0,0.0,57,0,0,0,25,2,18,18,18,25,0,0,0,18,25,0,Generic,1
75550,1.162236,tcp,-,FIN,16,10,860,556,21.510262,254,252,5554.810059,3448.525146,4,3,77.419132,121.115109,4390.788941,176.524984,255,2560499564,2781999458,255,0.152126,0.072193,0.079933,54,56,0,0,2,1,1,1,1,2,0,0,0,14,2,0,Normal,0
61592,2.128,tcp,pop3,FIN,26,60,1210,58056,39.943609,62,252,4375.939941,214620.2969,7,28,85.119997,35.807981,5103.44549,3230.740078,255,2699921706,334852609,255,0.116184,0.050474,0.06571,47,968,0,0,1,1,2,1,1,1,0,0,0,5,1,0,Exploits,1
44842,0.694721,tcp,http,FIN,10,8,862,1292,24.470256,62,252,8935.961914,13023.93359,2,2,77.191222,85.66743,4268.616437,176.413094,255,2652835634,3973407896,255,0.144682,0.06064,0.084042,86,162,0,0,2,1,1,1,1,2,0,0,0,26,2,0,Normal,0
1118,0.489758,ospf,-,INT,20,0,1040,0,38.794669,254,0,16138.58203,0.0,0,0,25.776736,0.0,29.430768,0.0,0,0,0,0,0.0,0.0,0.0,52,0,0,0,1,2,1,1,1,1,0,0,0,1,1,0,Analysis,1
65072,1.000346,tcp,-,FIN,20,10,6110,556,28.989971,254,252,46423.94141,4006.614014,10,2,4951.377998,9904.061,693232.8344,29422.546,255,1852410736,486884785,255,0.134367,0.060656,0.073711,306,56,0,0,5,1,2,2,2,5,0,0,0,2,5,0,Normal,0
37401,0.077823,tcp,smtp,FIN,54,42,37808,3380,1220.718839,31,29,3814605.0,339231.3438,19,8,1.461811,1.88539,124.340017,4.450364,255,3864914255,3870119425,255,0.000706,0.00052,0.000186,700,80,0,0,2,0,2,1,1,1,0,0,0,3,1,0,Normal,0
63698,1.688729,tcp,-,FIN,10,12,806,4352,12.435387,62,252,3439.272949,18901.78906,2,3,187.532222,148.314815,11146.59209,10483.87267,255,1756015152,2200433584,255,0.166348,0.057256,0.109092,81,363,0,0,4,1,1,1,1,1,0,0,0,1,2,0,Exploits,1
127989,5e-06,udp,-,INT,2,0,104,0,200000.0051,254,0,83200000.0,0.0,0,0,0.005,0.0,0.0,0.0,0,0,0,0,0.0,0.0,0.0,52,0,0,0,2,2,1,1,1,2,0,0,0,1,2,0,Fuzzers,1
90975,9e-06,udp,-,INT,2,0,578,0,111111.1072,254,0,256888880.0,0.0,0,0,0.009,0.0,0.0,0.0,0,0,0,0,0.0,0.0,0.0,289,0,0,0,1,2,1,1,1,1,0,0,0,1,1,0,Exploits,1
112732,1.039838,tcp,http,FIN,10,8,1756,354,16.348701,254,252,12163.43359,2384.987061,2,1,115.519889,127.19757,6658.342604,179.089922,255,747939112,594257180,255,0.255091,0.149445,0.105646,176,44,1,0,1,1,1,1,1,1,0,0,1,1,1,0,Exploits,1
47855,0.731027,tcp,-,FIN,10,6,534,268,20.519078,254,252,5263.827637,2451.345703,2,1,77.117333,123.063203,4077.665366,198.735609,255,4079339319,4127139018,255,0.250288,0.115708,0.13458,53,45,0,0,1,1,1,1,1,1,0,0,0,2,1,0,Normal,0
8806,0.001622,udp,-,CON,4,4,536,304,4315.659651,31,29,1982737.375,1124537.625,0,0,0.422333,0.192667,0.590906,0.266116,0,0,0,0,0.0,0.0,0.0,134,76,0,0,9,0,4,1,1,3,0,0,0,6,5,0,Normal,0
150715,9e-06,udp,dns,INT,2,0,114,0,111111.1072,254,0,50666664.0,0.0,0,0,0.009,0.0,0.0,0.0,0,0,0,0,0.0,0.0,0.0,57,0,0,0,16,2,16,16,16,16,0,0,0,16,16,0,Generic,1
144863,9e-06,udp,dns,INT,2,0,114,0,111111.1072,254,0,50666664.0,0.0,0,0,0.009,0.0,0.0,0.0,0,0,0,0,0.0,0.0,0.0,57,0,0,0,25,2,16,16,16,25,0,0,0,16,25,0,Generic,1
66838,0.345536,tcp,-,FIN,14,12,778,678,72.351363,254,252,16739.21094,14400.81543,4,4,26.579692,27.721273,1318.651191,40.081074,255,975732801,2825958080,255,0.043681,0.032631,0.01105,56,57,0,0,6,1,4,4,3,6,0,0,0,4,7,0,Normal,0
45146,0.987059,tcp,-,FIN,10,6,2516,268,15.19666,254,252,18357.56445,1815.494263,2,1,102.102667,177.956797,6131.382688,291.457844,255,3243358429,1328846528,255,0.158827,0.097272,0.061555,252,45,0,0,4,1,1,1,1,4,0,0,0,1,3,0,Normal,0
57665,0.952202,tcp,ftp-data,FIN,8,10,364,4174,17.853354,62,252,2680.103516,31564.73047,1,3,136.028857,95.483889,9563.827349,7289.823942,255,454937961,3319129231,255,0.090465,0.066863,0.023602,46,417,0,0,1,1,2,1,1,1,0,0,0,2,1,0,Exploits,1
167327,6e-06,udp,dns,INT,2,0,114,0,166666.6608,254,0,76000000.0,0.0,0,0,0.006,0.0,0.0,0.0,0,0,0,0,0.0,0.0,0.0,57,0,0,0,30,2,13,13,13,30,0,0,0,14,30,0,Generic,1
30266,0.001151,udp,dns,CON,2,2,146,178,2606.429117,31,29,507384.875,618592.5,0,0,0.01,0.005,0.0,0.0,0,0,0,0,0.0,0.0,0.0,73,89,0,0,3,0,2,1,1,1,0,0,0,1,3,0,Normal,0
36526,1.01592,tcp,http,FIN,14,18,1684,10168,30.514212,31,29,12315.92969,75628.0,3,5,78.121233,59.730941,8766.011206,7738.216244,255,421978346,422976464,255,0.000615,0.000491,0.000124,120,565,1,3924,1,0,4,1,1,1,0,0,1,1,1,0,Normal,0
122253,7e-06,udp,dns,INT,2,0,114,0,142857.1409,254,0,65142856.0,0.0,0,0,0.007,0.0,0.0,0.0,0,0,0,0,0.0,0.0,0.0,57,0,0,0,16,2,16,16,16,16,0,0,0,18,16,0,Generic,1
119361,9e-06,udp,dns,INT,2,0,114,0,111111.1072,254,0,50666664.0,0.0,0,0,0.009,0.0,0.0,0.0,0,0,0,0,0.0,0.0,0.0,57,0,0,0,16,2,16,16,9,16,0,0,0,16,16,0,Generic,1
27064,0.373677,tcp,ftp-data,FIN,14,6,8928,320,50.846054,31,29,177500.8906,5716.166992,4,1,28.744386,74.597602,2302.508118,91.618336,255,1467242572,2716745623,255,0.000677,0.000536,0.000141,638,53,0,0,4,0,6,1,1,4,0,0,0,3,3,0,Normal,0
141435,3e-06,udp,dns,INT,2,0,114,0,333333.3215,254,0,152000000.0,0.0,0,0,0.003,0.0,0.0,0.0,0,0,0,0,0.0,0.0,0.0,57,0,0,0,33,2,16,16,16,33,0,0,0,16,33,0,Generic,1
96763,0.321426,tcp,http,FIN,10,8,886,1360,52.889311,254,252,19861.49219,29618.01367,2,2,35.714,41.520855,1707.951456,58.612844,255,776736523,2023665492,255,0.080643,0.02999,0.050653,89,170,1,254,1,1,1,1,1,1,0,0,1,1,1,0,DoS,1
82960,0.296076,tcp,ftp-data,FIN,8,8,364,738,50.662668,62,252,8619.408203,17454.97852,1,2,42.296571,37.547855,2528.950337,75.980977,255,83758827,3903352846,255,0.083375,0.028748,0.054627,46,92,0,0,1,1,2,1,1,2,0,0,0,2,1,0,Exploits,1
31232,0.071808,tcp,-,FIN,60,62,3598,48710,1685.048952,31,29,394273.5938,5339238.0,7,24,1.211627,1.167639,87.47289,87.340783,255,1018608424,1018890105,255,0.000692,0.000577,0.000115,60,786,0,0,13,0,6,1,1,2,0,0,0,7,6,0,Normal,0
25067,1.004578,tcp,http,FIN,12,18,1580,10168,28.867843,31,29,11539.17383,76481.86719,3,4,91.295909,59.060531,9527.926598,7673.960998,255,139493034,140535623,255,0.000689,0.000544,0.000145,132,565,1,0,1,0,3,1,1,1,0,0,1,1,1,0,Normal,0
23569,1.073749,tcp,-,FIN,12,18,1580,10168,27.008176,31,29,10795.81934,71554.89844,3,5,97.578271,63.129353,9553.887019,7693.82797,255,1367338666,1368486755,255,0.000697,0.000543,0.000154,132,565,0,0,10,0,2,1,1,1,0,0,0,2,7,0,Normal,0
6012,0.618879,tcp,smtp,FIN,22,20,6268,1810,66.248812,62,252,77352.75781,22233.74805,8,8,29.470429,29.966264,1512.993949,37.254879,255,2505138057,2015687804,255,0.096952,0.048864,0.048088,285,91,0,0,1,1,1,1,1,1,0,0,0,3,1,0,Exploits,1
2865,9e-06,ax.25,-,INT,2,0,200,0,111111.1072,254,0,88888888.0,0.0,0,0,0.009,0.0,0.0,0.0,0,0,0,0,0.0,0.0,0.0,100,0,0,0,6,2,2,2,2,6,0,0,0,10,6,0,DoS,1
60836,1.905487,tcp,-,FIN,112,22,135669,956,69.798432,254,252,564508.75,3833.140869,53,1,16.98319,86.64643,1675.670717,110.4585,255,1321756850,1689944831,255,0.167129,0.085903,0.081226,1211,43,0,0,3,1,1,1,1,2,0,0,0,2,2,0,Fuzzers,1
126265,4e-06,udp,dns,INT,2,0,114,0,250000.0006,254,0,114000000.0,0.0,0,0,0.004,0.0,0.0,0.0,0,0,0,0,0.0,0.0,0.0,57,0,0,0,32,2,32,32,17,32,0,0,0,32,32,0,Generic,1
132798,9e-06,udp,dns,INT,2,0,114,0,111111.1072,254,0,50666664.0,0.0,0,0,0.009,0.0,0.0,0.0,0,0,0,0,0.0,0.0,0.0,57,0,0,0,8,2,9,8,8,8,0,0,0,8,8,0,Generic,1
56511,2e-06,unas,-,INT,2,0,200,0,500000.0013,254,0,400000000.0,0.0,0,0,0.002,0.0,0.0,0.0,0,0,0,0,0.0,0.0,0.0,100,0,0,0,3,2,2,2,2,4,0,0,0,2,3,0,Exploits,1
2838,8e-06,unas,-,INT,2,0,200,0,125000.0003,254,0,100000000.0,0.0,0,0,0.008,0.0,0.0,0.0,0,0,0,0,0.0,0.0,0.0,100,0,0,0,2,2,2,2,2,2,0,0,0,2,2,0,Exploits,1
35853,0.01622,tcp,-,FIN,16,18,1540,1644,2034.525322,31,29,712207.1875,765967.9375,4,4,1.059933,0.985062,63.175748,1.880125,255,4151434615,2007625278,255,0.000565,0.000454,0.000111,96,91,0,0,3,0,5,3,1,3,0,0,0,7,5,0,Normal,0
88478,1.125067,tcp,http,FIN,10,10,800,1294,16.887883,62,252,5119.695312,8283.951172,2,2,124.993111,115.758555,6986.488204,218.599141,255,852494851,2443492343,255,0.155474,0.083232,0.072242,80,129,1,206,3,1,2,2,2,3,0,0,4,4,3,0,Normal,0
51503,1.8127,tcp,smtp,FIN,42,22,31057,1758,34.754785,62,252,133802.6094,7409.940918,17,8,44.212196,83.970711,3123.158074,109.727617,255,3240695101,508721749,255,0.102168,0.04849,0.053678,739,80,0,0,2,1,5,2,2,6,0,0,0,4,3,0,Exploits,1
69968,0.735764,tcp,-,FIN,12,8,1258,724,25.823497,254,252,12547.50098,6893.514648,3,2,66.801089,92.336859,3444.374634,147.500625,255,2619228541,1118080869,255,0.167642,0.089398,0.078244,105,91,0,0,1,1,1,1,1,1,0,0,0,18,2,0,Fuzzers,1
43653,5e-06,udp,-,INT,2,0,104,0,200000.0051,254,0,83200000.0,0.0,0,0,0.005,0.0,0.0,0.0,0,0,0,0,0.0,0.0,0.0,52,0,0,0,6,2,1,1,1,2,0,0,0,2,3,0,Normal,0
38162,0.030906,tcp,smtp,FIN,52,40,37228,3276,2944.41216,31,29,9451369.0,827023.875,18,8,0.598745,0.780564,34.495042,1.558688,255,3954868569,1806359877,255,0.000593,0.000461,0.000132,716,82,0,0,1,0,1,1,1,1,0,0,0,3,1,0,Normal,0
157083,3e-06,udp,dns,INT,2,0,114,0,333333.3215,254,0,152000000.0,0.0,0,0,0.003,0.0,0.0,0.0,0,0,0,0,0.0,0.0,0.0,57,0,0,0,23,2,24,22,9,23,0,0,0,22,23,0,Generic,1
51246,5e-06,udp,dns,INT,2,0,114,0,200000.0051,254,0,91200000.0,0.0,0,0,0.005,0.0,0.0,0.0,0,0,0,0,0.0,0.0,0.0,57,0,0,0,14,2,7,7,4,7,0,0,0,8,14,0,Generic,1
30381,4.909568,tcp,-,FIN,426,858,24016,1094788,261.326464,31,29,39042.13281,1781848.125,38,390,11.551148,5.728247,5391.435929,3796.36427,255,3546830925,3550910541,255,0.000594,0.000457,0.000137,56,1276,0,0,26,0,1,1,1,1,0,0,0,3,5,0,Normal,0
159183,2.238142,tcp,smtp,FIN,78,28,83134,2050,46.913913,62,252,293346.875,7066.575684,36,8,29.051494,80.04193,2411.954598,95.564758,255,3758195231,2666282850,255,0.186985,0.077008,0.109977,1066,73,0,0,1,1,1,1,1,1,0,0,0,2,1,0,Exploits,1
122652,4e-06,udp,dns,INT,2,0,114,0,250000.0006,254,0,114000000.0,0.0,0,0,0.004,0.0,0.0,0.0,0,0,0,0,0.0,0.0,0.0,57,0,0,0,27,2,27,27,13,27,0,0,0,27,27,0,Generic,1
168092,9e-06,unas,-,INT,2,0,200,0,111111.1072,254,0,88888888.0,0.0,0,0,0.009,0.0,0.0,0.0,0,0,0,0,0.0,0.0,0.0,100,0,0,0,5,2,2,2,2,5,0,0,0,5,5,0,Reconnaissance,1
23335,0.00115,udp,dns,CON,2,2,146,178,2608.695594,31,29,507826.0625,619130.4375,0,0,0.01,0.007,0.0,0.0,0,0,0,0,0.0,0.0,0.0,73,89,0,0,2,0,3,1,1,2,0,0,0,2,2,0,Normal,0
29714,0.004472,tcp,-,FIN,22,14,1470,1728,7826.475747,31,29,2511627.75,2871198.5,5,4,0.212952,0.286923,13.032117,0.378036,255,2085642766,2085947172,255,0.000768,0.000609,0.000159,67,123,0,0,4,0,4,1,1,2,0,0,0,3,7,0,Normal,0
108286,1.090251,tcp,-,FIN,10,8,564,354,15.59274,254,252,3727.582031,2274.705566,2,1,121.126333,165.196328,7386.139133,227.972109,255,3299096590,3811301786,255,0.179605,0.099072,0.080533,56,44,0,0,3,1,1,1,1,1,0,0,0,2,2,0,Reconnaissance,1
89943,0.88758,tcp,smtp,FIN,42,22,31189,1762,70.979519,62,252,274427.0938,15160.32422,18,8,21.648292,40.626285,1511.792995,49.597949,255,1870624403,3208709520,255,0.071766,0.033793,0.037973,743,80,0,0,2,1,2,2,1,2,0,0,0,5,2,0,Exploits,1
172192,9e-06,udp,dns,INT,2,0,114,0,111111.1072,254,0,50666664.0,0.0,0,0,0.009,0.0,0.0,0.0,0,0,0,0,0.0,0.0,0.0,57,0,0,0,35,2,33,33,17,35,0,0,0,33,35,0,Generic,1
26489,0.000984,udp,dns,CON,2,2,130,162,3048.780357,31,29,528455.25,658536.5625,0,0,0.003,0.008,0.0,0.0,0,0,0,0,0.0,0.0,0.0,65,81,0,0,5,0,5,1,1,5,0,0,0,5,3,0,Normal,0
55363,3e-06,argus,-,INT,2,0,180,0,333333.3215,254,0,239999984.0,0.0,0,0,0.003,0.0,0.0,0.0,0,0,0,0,0.0,0.0,0.0,90,0,0,0,10,2,9,9,9,10,0,0,0,9,10,0,Exploits,1
13726,3e-06,udp,dns,INT,2,0,114,0,333333.3215,254,0,152000000.0,0.0,0,0,0.003,0.0,0.0,0.0,0,0,0,0,0.0,0.0,0.0,57,0,0,0,29,2,10,10,10,29,0,0,0,10,29,0,Generic,1
171772,5e-06,udp,dns,INT,2,0,114,0,200000.0051,254,0,91200000.0,0.0,0,0,0.005,0.0,0.0,0.0,0,0,0,0,0.0,0.0,0.0,57,0,0,0,43,2,43,43,31,43,0,0,0,43,43,0,Generic,1
81011,59.687565,ospf,-,INT,106,0,28832,0,1.75916,254,0,3827.933105,0.0,0,0,568.453062,0.0,716.658688,0.0,0,0,0,0,0.0,0.0,0.0,272,0,0,0,1,2,1,1,1,1,0,0,0,1,1,0,Exploits,1
141447,4e-06,udp,dns,INT,2,0,114,0,250000.0006,254,0,114000000.0,0.0,0,0,0.004,0.0,0.0,0.0,0,0,0,0,0.0,0.0,0.0,57,0,0,0,31,2,19,17,17,31,0,0,0,17,31,0,Generic,1
158093,1e-05,udp,dns,INT,2,0,114,0,100000.0025,254,0,45600000.0,0.0,0,0,0.01,0.0,0.0,0.0,0,0,0,0,0.0,0.0,0.0,57,0,0,0,27,2,17,17,17,27,0,0,0,17,27,0,Generic,1
41432,0.43121,tcp,-,CON,6,2,998,86,16.233389,62,252,15435.63379,797.755127,2,1,86.242,0.007,5304.383499,0.0,255,171420679,1724038409,255,0.370116,0.252351,0.117765,166,43,0,0,4,3,2,2,1,4,0,0,0,2,4,0,Normal,0
148153,1.7e-05,udp,dns,INT,2,0,114,0,58823.52838,254,0,26823528.0,0.0,0,0,0.017,0.0,0.0,0.0,0,0,0,0,0.0,0.0,0.0,57,0,0,0,37,2,37,37,26,37,0,0,0,37,37,0,Generic,1
43974,1.187363,tcp,-,FIN,10,8,632,354,14.317441,254,252,3833.705322,2088.661865,2,1,131.929222,154.896,7049.578355,226.946234,255,1853479686,2502339126,255,0.239424,0.102419,0.137005,63,44,0,0,3,1,1,1,1,2,0,0,0,1,2,0,Normal,0
150979,3e-06,udp,dns,INT,2,0,114,0,333333.3215,254,0,152000000.0,0.0,0,0,0.003,0.0,0.0,0.0,0,0,0,0,0.0,0.0,0.0,57,0,0,0,33,2,33,33,17,33,0,0,0,33,33,0,Generic,1
40931,0.0,arp,-,INT,1,0,46,0,0.0,0,0,0.0,0.0,0,0,60000.68,0.0,10.954514,0.0,0,0,0,0,0.0,0.0,0.0,46,0,0,0,2,2,2,2,2,2,0,0,0,2,2,1,Normal,0
23128,0.030852,tcp,-,FIN,48,50,2958,32642,3144.042597,31,29,751199.3125,8295086.5,7,18,0.678467,0.619333,41.078744,38.984429,255,3743779622,3762659325,255,0.001234,0.001121,0.000113,62,653,0,0,12,0,1,1,1,1,0,0,0,8,6,0,Normal,0
47666,0.381001,tcp,-,FIN,10,6,1282,268,39.369976,254,252,24230.9082,4703.399902,2,1,40.657444,59.458801,2208.202106,85.35793,255,26581939,1960869709,255,0.162593,0.083698,0.078895,128,45,0,0,3,1,2,2,1,4,0,0,0,2,3,0,Normal,0
157386,2e-06,udp,-,INT,2,0,630,0,500000.0013,254,0,1260000000.0,0.0,0,0,0.002,0.0,0.0,0.0,0,0,0,0,0.0,0.0,0.0,315,0,0,0,1,2,1,1,1,1,0,0,0,1,1,0,Shellcode,1
59977,0.380751,tcp,http,FIN,10,8,860,1230,44.648601,62,252,16262.59668,22628.96094,2,2,42.305667,49.424855,2097.877317,84.130617,255,383048972,330515911,255,0.071592,0.034264,0.037328,86,154,1,205,1,1,1,1,1,1,0,0,1,1,2,0,DoS,1
115292,8e-06,unas,-,INT,2,0,200,0,125000.0003,254,0,100000000.0,0.0,0,0,0.008,0.0,0.0,0.0,0,0,0,0,0.0,0.0,0.0,100,0,0,0,5,2,2,2,2,5,0,0,0,2,5,0,Exploits,1
59137,1.1e-05,udp,dns,INT,2,0,114,0,90909.0902,254,0,41454544.0,0.0,0,0,0.011,0.0,0.0,0.0,0,0,0,0,0.0,0.0,0.0,57,0,0,0,7,2,7,7,3,7,0,0,0,7,7,0,Generic,1
118750,0.911397,sctp,-,CON,4,2,528,392,5.486084,254,60,3475.982666,1720.435791,0,0,303.799,0.001,429.626781,0.0,0,0,0,0,0.0,0.0,0.0,132,196,0,0,1,0,1,1,1,2,0,0,0,1,1,0,Exploits,1
165710,9e-06,udp,dns,INT,2,0,114,0,111111.1072,254,0,50666664.0,0.0,0,0,0.009,0.0,0.0,0.0,0,0,0,0,0.0,0.0,0.0,57,0,0,0,37,2,29,29,15,37,0,0,0,30,37,0,Generic,1
20004,0.00173,udp,-,CON,4,4,544,304,4046.242732,31,29,1886705.125,1054335.25,0,0,0.442333,0.212667,0.619897,0.295809,0,0,0,0,0.0,0.0,0.0,136,76,0,0,7,0,6,1,1,6,0,0,0,5,15,0,Normal,0
171801,3e-06,udp,dns,INT,2,0,114,0,333333.3215,254,0,152000000.0,0.0,0,0,0.003,0.0,0.0,0.0,0,0,0,0,0.0,0.0,0.0,57,0,0,0,40,2,28,28,15,40,0,0,0,28,40,0,Generic,1
138784,0.527965,tcp,ftp-data,FIN,8,8,364,668,28.410974,62,252,4833.653809,8864.223633,1,2,75.288141,72.456859,5608.443698,159.803281,255,856433382,1624715001,255,0.036963,0.020764,0.016199,46,84,0,0,1,1,2,1,1,2,0,0,0,2,1,0,Exploits,1
41399,0.286525,tcp,-,CON,6,2,998,86,24.430677,62,252,23230.08398,1200.593262,2,1,57.305,0.025,3493.725751,0.0,255,2856891268,885756625,255,0.243238,0.208949,0.034289,166,43,0,0,4,3,3,3,1,3,0,0,0,3,3,0,Normal,0
130895,3e-06,udp,dns,INT,2,0,114,0,333333.3215,254,0,152000000.0,0.0,0,0,0.003,0.0,0.0,0.0,0,0,0,0,0.0,0.0,0.0,57,0,0,0,35,2,21,21,9,35,0,0,0,22,35,0,Generic,1
79340,3.127944,tcp,-,FIN,10,8,564,354,5.43488,254,252,1299.255981,792.853088,2,1,345.050667,437.686,22106.48051,694.945062,255,3035016010,1878034114,255,0.094989,0.064138,0.030851,56,44,0,0,1,1,1,1,1,1,0,0,0,2,1,0,Reconnaissance,1
109164,0.28723,tcp,http,FIN,10,6,1254,268,52.222955,254,252,31445.18164,6238.902344,2,1,30.722556,45.190801,1671.583917,72.698898,255,1495841235,3339989704,255,0.081052,0.061267,0.019785,125,45,1,0,2,1,1,1,1,2,0,0,1,2,2,0,Exploits,1
77521,1.1e-05,udp,-,INT,2,0,1064,0,90909.0902,254,0,386909088.0,0.0,0,0,0.011,0.0,0.0,0.0,0,0,0,0,0.0,0.0,0.0,532,0,0,0,40,2,14,14,1,40,0,0,0,14,40,0,Normal,0
156586,9e-06,udp,dns,INT,2,0,114,0,111111.1072,254,0,50666664.0,0.0,0,0,0.009,0.0,0.0,0.0,0,0,0,0,0.0,0.0,0.0,57,0,0,0,31,2,17,17,17,31,0,0,0,17,31,0,Generic,1
7794,3.02316,tcp,smtp,FIN,90,32,98386,2270,40.024346,62,252,257460.4063,5821.723145,42,8,33.968089,94.714484,3126.303576,131.253422,255,2445661258,3750868335,255,0.218207,0.086339,0.131868,1093,71,0,0,1,1,2,1,1,1,0,0,0,3,1,0,Exploits,1
93767,1e-05,unas,-,INT,2,0,200,0,100000.0025,254,0,80000000.0,0.0,0,0,0.01,0.0,0.0,0.0,0,0,0,0,0.0,0.0,0.0,100,0,0,0,10,2,3,3,3,11,0,0,0,3,10,0,Exploits,1
159809,9e-06,udp,dns,INT,2,0,114,0,111111.1072,254,0,50666664.0,0.0,0,0,0.009,0.0,0.0,0.0,0,0,0,0,0.0,0.0,0.0,57,0,0,0,29,2,18,16,16,30,0,0,0,18,29,0,Generic,1
14920,9e-06,udp,dns,INT,2,0,114,0,111111.1072,254,0,50666664.0,0.0,0,0,0.009,0.0,0.0,0.0,0,0,0,0,0.0,0.0,0.0,57,0,0,0,43,2,43,43,18,43,0,0,0,43,43,0,Generic,1
66050,8e-06,bbn-rcc,-,INT,2,0,180,0,125000.0003,254,0,90000000.0,0.0,0,0,0.008,0.0,0.0,0.0,0,0,0,0,0.0,0.0,0.0,90,0,0,0,10,2,11,10,10,10,0,0,0,10,10,0,Exploits,1
49656,0.776293,tcp,smtp,FIN,22,20,6656,1624,52.815111,62,252,65480.43359,15901.21289,8,8,36.966333,40.477,1838.522018,45.442293,255,3469391727,2584403579,255,0.055919,0.006547,0.049372,303,81,0,0,1,1,1,1,1,1,0,0,0,1,1,0,Exploits,1
36905,1.006284,tcp,http,FIN,12,18,1580,10168,28.818902,31,29,11519.61035,76352.20313,3,5,91.445271,59.163235,9530.140828,7676.45008,255,731464384,732554141,255,0.000641,0.0005,0.000141,132,565,1,3924,3,0,2,2,1,1,0,0,1,2,3,0,Normal,0
126965,9e-06,udp,dns,INT,2,0,114,0,111111.1072,254,0,50666664.0,0.0,0,0,0.009,0.0,0.0,0.0,0,0,0,0,0.0,0.0,0.0,57,0,0,0,30,2,11,11,11,30,0,0,0,11,30,0,Generic,1
72870,5e-06,udp,-,INT,2,0,78,0,200000.0051,254,0,62400000.0,0.0,0,0,0.005,0.0,0.0,0.0,0,0,0,0,0.0,0.0,0.0,39,0,0,0,7,2,1,1,1,2,0,0,0,1,2,0,Normal,0
101329,0.390433,tcp,-,CON,6,2,986,86,17.928812,62,252,16842.83789,881.073059,2,1,78.0866,0.007,4718.061197,0.0,255,2565814324,239334522,255,0.327715,0.236142,0.091573,164,43,0,0,8,3,1,1,1,5,0,0,0,2,6,0,Normal,0
31142,0.111807,tcp,ssh,FIN,70,64,12472,12924,1189.549811,31,29,879658.6875,910354.4375,17,17,1.620391,1.76219,210.909019,221.874457,255,3545603762,1400541713,255,0.000798,0.000653,0.000145,178,202,0,0,1,0,1,1,1,1,0,0,0,2,1,0,Normal,0
30501,1.178916,tcp,http,FIN,14,18,1684,10168,26.295343,31,29,10613.13965,65171.73438,3,5,90.659228,69.317409,10121.15825,8865.556696,255,905963676,907007897,255,0.00063,0.000514,0.000116,120,565,1,3924,2,0,4,1,1,1,0,0,1,1,1,0,Normal,0
8028,0.211502,tcp,-,FIN,10,6,484,268,70.921315,254,252,16491.57031,8472.733398,2,1,22.392556,35.582,1229.57545,59.460191,255,4267494834,1211500365,255,0.089336,0.033583,0.055753,48,45,0,0,10,1,6,6,2,10,0,0,0,6,11,0,Normal,0
99078,8e-06,udp,-,INT,2,0,168,0,125000.0003,254,0,84000000.0,0.0,0,0,0.008,0.0,0.0,0.0,0,0,0,0,0.0,0.0,0.0,84,0,0,0,1,2,1,1,1,1,0,0,0,1,1,0,Reconnaissance,1
77568,1e-05,sctp,-,INT,2,0,200,0,100000.0025,254,0,80000000.0,0.0,0,0,0.01,0.0,0.0,0.0,0,0,0,0,0.0,0.0,0.0,100,0,0,0,4,2,2,2,2,4,0,0,0,4,4,0,Exploits,1
48411,1.007031,tcp,http,FIN,60,14,68195,612,72.490323,254,252,532726.4375,4520.21875,27,1,14.902949,71.533766,1504.920195,83.165266,255,3921209846,3933383815,255,0.111073,0.077087,0.033986,1137,44,1,0,3,1,1,1,1,4,0,0,1,1,3,0,Fuzzers,1
32510,1.009845,tcp,http,FIN,14,18,1684,10168,30.69778,31,29,12390.02051,76082.96094,3,5,77.652849,59.373706,8774.717341,7683.107685,255,1543457464,3694654814,255,0.000648,0.000488,0.00016,120,565,1,3924,3,0,9,2,1,1,0,0,1,8,1,0,Normal,0
153917,9e-06,udp,dns,INT,2,0,114,0,111111.1072,254,0,50666664.0,0.0,0,0,0.009,0.0,0.0,0.0,0,0,0,0,0.0,0.0,0.0,57,0,0,0,34,2,25,25,15,34,0,0,0,25,34,0,Generic,1
67523,9e-06,unas,-,INT,2,0,200,0,111111.1072,254,0,88888888.0,0.0,0,0,0.009,0.0,0.0,0.0,0,0,0,0,0.0,0.0,0.0,100,0,0,0,4,2,2,2,2,4,0,0,0,26,4,0,Exploits,1
53601,1.1e-05,mfe-nsp,-,INT,2,0,200,0,90909.0902,254,0,72727272.0,0.0,0,0,0.011,0.0,0.0,0.0,0,0,0,0,0.0,0.0,0.0,100,0,0,0,22,2,6,4,4,6,0,0,0,7,17,0,Analysis,1
74716,8e-06,tcp,-,REQ,2,0,90,0,125000.0003,254,0,45000000.0,0.0,1,0,0.008,0.0,0.0,0.0,255,0,0,0,0.0,0.0,0.0,45,0,0,0,7,6,3,1,1,21,0,0,0,4,6,0,Normal,0
47679,0.604702,tcp,-,FIN,20,8,17286,354,44.650092,254,252,217257.4219,4101.193848,7,1,30.451736,77.003,2506.887859,133.090516,255,3497880862,3349830577,255,0.14194,0.065678,0.076262,864,44,0,0,9,1,2,2,1,2,0,0,0,2,8,0,Fuzzers,1
127756,9e-06,mobile,-,INT,2,0,200,0,111111.1072,254,0,88888888.0,0.0,0,0,0.009,0.0,0.0,0.0,0,0,0,0,0.0,0.0,0.0,100,0,0,0,6,2,3,3,3,6,0,0,0,4,6,0,Backdoor,1
67951,0.504685,tcp,-,FIN,10,6,1652,268,29.72151,254,252,23571.13867,3550.729736,2,1,55.967111,85.554398,2833.135039,138.265172,255,1559737023,1075183866,255,0.153569,0.076904,0.076665,165,45,0,0,4,1,1,1,1,4,0,0,0,1,6,0,Normal,0
72124,0.263788,tcp,-,FIN,10,6,2530,268,56.863842,254,252,69055.45313,6793.333496,2,1,27.225444,45.028801,1373.504987,67.709633,255,823881288,1043989541,255,0.069868,0.038636,0.031232,253,45,0,0,7,1,3,3,1,7,0,0,0,3,7,0,Normal,0
92497,4e-06,sctp,-,INT,2,0,200,0,250000.0006,254,0,200000000.0,0.0,0,0,0.004,0.0,0.0,0.0,0,0,0,0,0.0,0.0,0.0,100,0,0,0,14,2,5,4,4,17,0,0,0,6,14,0,DoS,1
126645,3e-06,udp,dns,INT,2,0,114,0,333333.3215,254,0,152000000.0,0.0,0,0,0.003,0.0,0.0,0.0,0,0,0,0,0.0,0.0,0.0,57,0,0,0,25,2,20,20,9,25,0,0,0,20,25,0,Generic,1
27659,0.005514,tcp,-,FIN,18,18,4096,2456,6347.479056,31,29,5613348.0,3365977.5,7,7,0.306294,0.290765,14.973824,0.446486,255,2897218520,2901374613,255,0.000725,0.000568,0.000157,228,136,0,0,9,0,3,1,1,4,0,0,0,4,5,0,Normal,0
127042,9e-06,unas,-,INT,2,0,200,0,111111.1072,254,0,88888888.0,0.0,0,0,0.009,0.0,0.0,0.0,0,0,0,0,0.0,0.0,0.0,100,0,0,0,5,2,1,1,1,5,0,0,0,3,5,0,Reconnaissance,1
130704,8e-06,aris,-,INT,2,0,200,0,125000.0003,254,0,100000000.0,0.0,0,0,0.008,0.0,0.0,0.0,0,0,0,0,0.0,0.0,0.0,100,0,0,0,4,2,2,2,2,4,0,0,0,4,4,0,DoS,1
121080,8e-06,unas,-,INT,2,0,200,0,125000.0003,254,0,100000000.0,0.0,0,0,0.008,0.0,0.0,0.0,0,0,0,0,0.0,0.0,0.0,100,0,0,0,3,2,3,3,3,3,0,0,0,6,3,0,DoS,1
3615,0.024701,tcp,http,FIN,8,10,1052,824,688.231266,31,29,298287.5313,240314.1719,2,2,3.478429,2.621,212.433817,4.321567,255,1284780671,3445762630,255,0.001285,0.001109,0.000176,132,82,1,83,1,0,8,1,1,1,0,0,1,5,2,0,Normal,0
111443,0.394211,tcp,http,FIN,10,6,1742,268,38.050689,254,252,31820.52344,4545.789062,2,1,38.232333,73.874,1977.272662,109.152867,255,2113664043,3468709752,255,0.085275,0.024832,0.060443,174,45,1,0,1,1,1,1,1,1,0,0,1,1,1,0,Exploits,1
128147,8e-06,udp,dns,INT,2,0,114,0,125000.0003,254,0,57000000.0,0.0,0,0,0.008,0.0,0.0,0.0,0,0,0,0,0.0,0.0,0.0,57,0,0,0,44,2,28,28,14,44,0,0,0,28,44,0,Generic,1
21026,5e-06,udp,dns,INT,2,0,114,0,200000.0051,254,0,91200000.0,0.0,0,0,0.005,0.0,0.0,0.0,0,0,0,0,0.0,0.0,0.0,57,0,0,0,38,2,23,23,23,38,0,0,0,23,38,0,Generic,1
60342,3.815258,tcp,smtp,FIN,40,26,30865,2032,17.036856,62,252,63102.41797,4097.23291,17,8,97.827129,143.280766,6564.189424,191.097125,255,583787212,4014347699,255,0.271491,0.212489,0.059002,772,78,0,0,1,1,1,1,1,1,0,0,0,1,1,0,Exploits,1
37400,0.50703,tcp,smtp,FIN,54,44,37808,3484,191.310175,31,29,585495.9375,53724.62891,19,8,9.559925,11.778977,770.94098,24.972494,255,24429007,25386821,255,0.000795,0.000531,0.000264,700,79,0,0,1,0,2,1,1,2,0,0,0,4,2,0,Normal,0
103819,1e-05,unas,-,INT,2,0,200,0,100000.0025,254,0,80000000.0,0.0,0,0,0.01,0.0,0.0,0.0,0,0,0,0,0.0,0.0,0.0,100,0,0,0,3,2,3,3,3,3,0,0,0,4,3,0,Backdoor,1
68754,0.43815,tcp,-,FIN,10,6,2516,268,34.234852,254,252,41355.70313,4089.923584,2,1,46.097556,70.434797,2383.077646,96.788008,255,984046170,1227129241,255,0.149934,0.08597,0.063964,252,45,0,0,2,1,1,1,1,2,0,0,0,17,2,0,Normal,0
149505,6e-06,udp,dns,INT,2,0,114,0,166666.6608,254,0,76000000.0,0.0,0,0,0.006,0.0,0.0,0.0,0,0,0,0,0.0,0.0,0.0,57,0,0,0,31,2,17,17,17,31,0,0,0,17,31,0,Generic,1
37657,0.001126,udp,dns,CON,2,2,130,162,2664.298498,31,29,461811.75,575488.5,0,0,0.011,0.003,0.0,0.0,0,0,0,0,0.0,0.0,0.0,65,81,0,0,5,0,1,2,1,1,0,0,0,8,2,0,Normal,0
100135,0.460982,tcp,-,FIN,10,6,636,268,32.539232,254,252,9943.989258,3887.353516,2,1,51.220222,80.329797,2748.106161,134.678906,255,577334287,3413234504,255,0.097009,0.043408,0.053601,64,45,0,0,1,1,1,1,1,1,0,0,0,18,1,0,Shellcode,1
33855,0.001103,udp,dns,CON,2,2,132,164,2719.854899,31,29,478694.4688,594741.625,0,0,0.01,0.008,0.0,0.0,0,0,0,0,0.0,0.0,0.0,66,82,0,0,4,0,2,1,1,1,0,0,0,15,5,0,Normal,0
67519,1.137188,tcp,-,FIN,14,8,8834,354,18.466604,254,252,57707.25781,2180.818115,4,1,67.53377,150.529859,4816.693482,221.874562,255,95813440,3533492523,255,0.175779,0.08347,0.092309,631,44,0,0,5,1,1,1,1,3,0,0,0,1,3,0,Normal,0
93191,9e-06,unas,-,INT,2,0,200,0,111111.1072,254,0,88888888.0,0.0,0,0,0.009,0.0,0.0,0.0,0,0,0,0,0.0,0.0,0.0,100,0,0,0,9,2,2,2,2,12,0,0,0,2,9,0,Exploits,1
72296,9e-06,udp,-,INT,2,0,78,0,111111.1072,254,0,34666664.0,0.0,0,0,0.009,0.0,0.0,0.0,0,0,0,0,0.0,0.0,0.0,39,0,0,0,6,2,2,2,1,5,0,0,0,3,5,0,Normal,0
62243,0.714528,tcp,-,FIN,10,8,564,354,23.791929,254,252,5687.67041,3470.82251,2,1,77.455889,100.887859,6140.866329,146.892516,255,1809310227,3969306227,255,0.026724,0.008292,0.018432,56,44,0,0,1,1,1,1,1,1,0,0,0,1,1,0,Reconnaissance,1
95220,0.247707,tcp,http,FIN,10,10,924,4658,76.703526,62,252,26870.45703,135418.0625,2,2,27.523,26.522555,1312.61877,1903.168555,255,1431047956,2331400527,255,0.054357,0.008337,0.04602,92,466,1,1875,1,1,1,1,1,2,0,0,1,1,1,0,Exploits,1
56400,6e-06,3pc,-,INT,2,0,200,0,166666.6608,254,0,133333328.0,0.0,0,0,0.006,0.0,0.0,0.0,0,0,0,0,0.0,0.0,0.0,100,0,0,0,6,2,2,2,2,7,0,0,0,2,6,0,Exploits,1
157387,3e-06,udp,dns,INT,2,0,114,0,333333.3215,254,0,152000000.0,0.0,0,0,0.003,0.0,0.0,0.0,0,0,0,0,0.0,0.0,0.0,57,0,0,0,36,2,33,33,16,36,0,0,0,33,36,0,Generic,1
167083,3e-06,udp,-,INT,2,0,114,0,333333.3215,254,0,152000000.0,0.0,0,0,0.003,0.0,0.0,0.0,0,0,0,0,0.0,0.0,0.0,57,0,0,0,1,2,1,1,1,1,0,0,0,1,1,0,Shellcode,1
24145,0.001014,udp,-,CON,2,2,146,178,2958.579772,31,29,575936.875,702169.625,0,0,0.011,0.008,0.0,0.0,0,0,0,0,0.0,0.0,0.0,73,89,0,0,17,0,4,1,1,1,0,0,0,7,8,0,Normal,0
4821,8e-06,unas,-,INT,2,0,200,0,125000.0003,254,0,100000000.0,0.0,0,0,0.008,0.0,0.0,0.0,0,0,0,0,0.0,0.0,0.0,100,0,0,0,5,2,2,2,2,5,0,0,0,5,5,0,Exploits,1
118543,3e-06,udp,dns,INT,2,0,114,0,333333.3215,254,0,152000000.0,0.0,0,0,0.003,0.0,0.0,0.0,0,0,0,0,0.0,0.0,0.0,57,0,0,0,16,2,16,16,16,17,0,0,0,16,16,0,Generic,1
139106,3e-06,udp,dns,INT,2,0,114,0,333333.3215,254,0,152000000.0,0.0,0,0,0.003,0.0,0.0,0.0,0,0,0,0,0.0,0.0,0.0,57,0,0,0,19,2,17,19,17,17,0,0,0,19,17,0,Generic,1
158812,1.068618,tcp,http,FIN,10,12,1354,3806,19.651549,62,252,9125.804688,26119.71484,2,3,118.735333,91.492727,8168.935561,6080.852193,255,245088605,3757309924,255,0.123129,0.061507,0.061622,135,317,1,1331,2,1,1,1,1,1,0,0,1,1,1,0,Generic,1
48939,31.526554,tcp,http,FIN,20,14,1076,622,1.046737,254,252,259.590698,146.670013,4,1,1657.707632,2422.537,221272.5183,8129.545,255,2348965053,2962445289,255,0.082194,0.033568,0.048626,54,44,1,0,4,1,3,2,2,4,0,0,2,2,4,0,Fuzzers,1
14669,5e-06,udp,dns,INT,2,0,114,0,200000.0051,254,0,91200000.0,0.0,0,0,0.005,0.0,0.0,0.0,0,0,0,0,0.0,0.0,0.0,57,0,0,0,7,2,7,7,7,7,0,0,0,7,7,0,Generic,1
25547,3.561756,tcp,ftp,FIN,46,48,2610,3238,26.110717,31,29,5736.496582,7122.32959,10,13,79.143356,75.770018,5295.408384,5567.162517,255,455940869,482113929,255,0.000695,0.000562,0.000133,57,67,0,0,1,0,7,1,1,2,0,0,0,2,2,0,Normal,0
90473,0.708163,tcp,-,FIN,10,10,608,646,26.82998,254,252,6190.665039,6574.757324,2,3,78.684778,71.384781,4191.657522,102.039055,255,340710890,2669418300,255,0.140834,0.065219,0.075615,61,65,0,0,1,1,1,1,1,1,0,0,0,1,1,0,Exploits,1
14883,0.005719,tcp,-,FIN,22,24,1958,2308,7868.50847,31,29,2614443.0,3094247.25,6,6,0.256333,0.221391,15.826811,13.108676,255,267461561,2413156534,255,0.000722,0.000618,0.000104,89,96,0,0,3,0,4,1,1,1,0,0,0,3,3,0,Normal,0
71663,9e-06,unas,-,INT,2,0,200,0,111111.1072,254,0,88888888.0,0.0,0,0,0.009,0.0,0.0,0.0,0,0,0,0,0.0,0.0,0.0,100,0,0,0,6,2,2,2,2,6,0,0,0,2,6,0,Exploits,1
82551,6e-06,cphb,-,INT,2,0,200,0,166666.6608,254,0,133333328.0,0.0,0,0,0.006,0.0,0.0,0.0,0,0,0,0,0.0,0.0,0.0,100,0,0,0,12,2,5,4,4,16,0,0,0,5,12,0,DoS,1
23016,9e-06,udp,dns,INT,2,0,114,0,111111.1072,254,0,50666664.0,0.0,0,0,0.009,0.0,0.0,0.0,0,0,0,0,0.0,0.0,0.0,57,0,0,0,23,2,18,18,18,23,0,0,0,18,23,0,Generic,1
15970,0.001068,udp,dns,CON,2,2,146,178,2808.988808,31,29,546816.5,666666.6875,0,0,0.005,0.006,0.0,0.0,0,0,0,0,0.0,0.0,0.0,73,89,0,0,3,0,2,1,1,2,0,0,0,2,3,0,Normal,0
18533,0.04977,tcp,ssh,FIN,32,24,3728,5474,1105.083354,31,29,580590.6875,843238.875,7,7,1.605484,2.130565,145.696694,5.039945,255,1620632964,3770531471,255,0.00081,0.00064,0.00017,117,228,0,0,1,0,1,1,1,1,0,0,0,1,1,0,Normal,0
33255,0.338219,tcp,-,FIN,28,30,4536,3080,168.529864,31,29,103459.5938,70439.57031,7,7,12.514704,11.644104,722.304757,18.590617,255,3122072452,3125102470,255,0.000663,0.000536,0.000127,162,103,0,0,10,0,4,1,1,7,0,0,0,1,10,0,Normal,0
172784,8e-06,udp,dns,INT,2,0,114,0,125000.0003,254,0,57000000.0,0.0,0,0,0.008,0.0,0.0,0.0,0,0,0,0,0.0,0.0,0.0,57,0,0,0,28,2,16,16,16,28,0,0,0,16,28,0,Generic,1
1464,1.576239,tcp,-,FIN,40,42,2558,23162,51.388146,31,29,12663.05469,114759.25,7,14,41.470843,39.392526,2611.230891,2554.184036,255,781946543,2901840901,255,0.000676,0.000535,0.000141,64,551,0,0,9,0,3,1,1,2,0,0,0,8,11,0,Normal,0
136717,3e-06,udp,dns,INT,2,0,114,0,333333.3215,254,0,152000000.0,0.0,0,0,0.003,0.0,0.0,0.0,0,0,0,0,0.0,0.0,0.0,57,0,0,0,7,2,8,7,7,7,0,0,0,8,7,0,Generic,1
65109,0.99448,tcp,-,FIN,20,10,6190,556,29.160968,254,252,47309.14453,4030.246826,6,3,51.752895,102.212664,3138.989801,151.742109,255,876378054,126753991,255,0.134009,0.074557,0.059452,310,56,0,0,6,1,1,1,1,4,0,0,0,1,4,0,Normal,0
63468,0.734867,tcp,http,FIN,10,8,844,2998,23.133438,62,252,8273.606445,28565.71484,2,2,81.548778,89.850859,4617.05906,145.795516,255,2411815705,2089663323,255,0.1678,0.105905,0.061895,84,375,0,0,1,1,1,1,1,1,0,0,0,1,1,0,Exploits,1
48202,6e-06,unas,-,INT,2,0,200,0,166666.6608,254,0,133333328.0,0.0,0,0,0.006,0.0,0.0,0.0,0,0,0,0,0.0,0.0,0.0,100,0,0,0,7,2,3,3,3,7,0,0,0,3,7,0,Analysis,1
117894,6e-06,udp,dns,INT,2,0,114,0,166666.6608,254,0,76000000.0,0.0,0,0,0.006,0.0,0.0,0.0,0,0,0,0,0.0,0.0,0.0,57,0,0,0,36,2,29,29,14,36,0,0,0,29,36,0,Generic,1
14052,7e-06,udp,dns,INT,2,0,114,0,142857.1409,254,0,65142856.0,0.0,0,0,0.007,0.0,0.0,0.0,0,0,0,0,0.0,0.0,0.0,57,0,0,0,50,2,43,43,18,50,0,0,0,44,50,0,Generic,1
26868,0.06976,tcp,-,FIN,48,50,2958,33044,1390.481608,31,29,332224.75,3713761.25,7,18,1.477638,1.413551,83.999049,82.562784,255,4276820290,2153090955,255,0.000617,0.000494,0.000123,62,661,0,0,10,0,4,1,1,4,0,0,0,5,4,0,Normal,0
96087,1.478712,tcp,-,FIN,60,14,68179,612,49.367288,254,252,362710.25,3078.354736,27,1,23.765169,103.396695,2327.552541,147.731484,255,1525168584,1936557631,255,0.23851,0.134546,0.103964,1136,44,0,0,2,1,2,1,1,2,0,0,0,1,3,0,Fuzzers,1
101323,0.253787,tcp,-,CON,6,2,986,86,27.582184,62,252,25911.49219,1355.467285,2,1,50.7574,0.007,2957.202919,0.0,255,3873223764,2371332841,255,0.202837,0.129778,0.073059,164,43,0,0,8,3,3,2,1,5,0,0,0,3,6,0,Normal,0
100905,1.184915,tcp,http,FIN,60,16,68197,698,63.295682,254,252,452765.0,4422.258301,27,1,20.083305,71.996398,2150.09519,91.420523,255,3835594101,600437571,255,0.127512,0.072785,0.054727,1137,44,1,0,2,1,1,1,1,3,0,0,1,1,2,0,Normal,0
55384,8e-06,egp,-,INT,2,0,180,0,125000.0003,254,0,90000000.0,0.0,0,0,0.008,0.0,0.0,0.0,0,0,0,0,0.0,0.0,0.0,90,0,0,0,10,2,9,9,9,10,0,0,0,9,10,0,Reconnaissance,1
149053,0.548151,tcp,-,FIN,10,6,534,268,27.364722,254,252,7019.963379,3269.172119,2,1,56.919333,90.927398,2897.741467,135.343297,255,3489875163,3010626021,255,0.135013,0.093511,0.041502,53,45,0,0,4,1,2,1,1,3,0,0,0,2,3,0,Fuzzers,1
124243,4e-06,udp,dns,INT,2,0,114,0,250000.0006,254,0,114000000.0,0.0,0,0,0.004,0.0,0.0,0.0,0,0,0,0,0.0,0.0,0.0,57,0,0,0,44,2,10,10,7,44,0,0,0,10,44,0,Generic,1
63636,1e-06,udp,-,INT,2,0,168,0,1000000.003,254,0,672000000.0,0.0,0,0,0.001,0.0,0.0,0.0,0,0,0,0,0.0,0.0,0.0,84,0,0,0,3,2,2,1,1,1,0,0,0,2,5,0,Reconnaissance,1
15562,0.958848,tcp,ssh,FIN,32,24,3728,5474,57.360499,31,29,30136.16406,43769.19141,7,7,30.930581,41.657523,1907.399825,56.366777,255,4162453225,4162761809,255,0.000737,0.000599,0.000138,117,228,0,0,1,0,6,1,1,4,0,0,0,4,1,0,Normal,0
27177,1.005932,tcp,http,FIN,14,18,1684,10168,30.817193,31,29,12438.2168,76378.92188,3,5,77.353231,59.141824,8765.98499,7675.007238,255,277564165,278555723,255,0.000642,0.000517,0.000125,120,565,1,3924,2,0,6,1,1,1,0,0,1,3,2,0,Normal,0
56852,8e-06,srp,-,INT,2,0,200,0,125000.0003,254,0,100000000.0,0.0,0,0,0.008,0.0,0.0,0.0,0,0,0,0,0.0,0.0,0.0,100,0,0,0,4,2,1,1,1,4,0,0,0,1,4,0,Exploits,1
72855,9e-06,udp,-,INT,2,0,168,0,111111.1072,254,0,74666664.0,0.0,0,0,0.009,0.0,0.0,0.0,0,0,0,0,0.0,0.0,0.0,84,0,0,0,5,2,3,1,1,5,0,0,0,3,5,0,Reconnaissance,1
64581,9e-06,udp,-,INT,2,0,1056,0,111111.1072,254,0,469333312.0,0.0,0,0,0.009,0.0,0.0,0.0,0,0,0,0,0.0,0.0,0.0,528,0,0,0,3,2,1,1,1,1,0,0,0,1,2,0,Fuzzers,1
116609,0.753171,tcp,-,FIN,16,12,912,694,35.848432,254,252,9081.602539,6766.05957,5,4,49.492333,61.088,2489.392421,92.179148,255,2644493971,394768384,255,0.14334,0.0812,0.06214,57,58,0,0,6,1,1,1,1,4,0,0,0,1,4,0,Fuzzers,1
42290,1e-05,udp,-,INT,2,0,1064,0,100000.0025,254,0,425600000.0,0.0,0,0,0.01,0.0,0.0,0.0,0,0,0,0,0.0,0.0,0.0,532,0,0,0,29,2,5,5,1,29,0,0,0,5,29,0,Normal,0
59078,9e-06,unas,-,INT,2,0,200,0,111111.1072,254,0,88888888.0,0.0,0,0,0.009,0.0,0.0,0.0,0,0,0,0,0.0,0.0,0.0,100,0,0,0,5,2,2,2,2,5,0,0,0,2,5,0,DoS,1
143390,8e-06,udp,dns,INT,2,0,114,0,125000.0003,254,0,57000000.0,0.0,0,0,0.008,0.0,0.0,0.0,0,0,0,0,0.0,0.0,0.0,57,0,0,0,18,2,17,16,16,18,0,0,0,17,18,0,Generic,1
90969,8e-06,merit-inp,-,INT,2,0,200,0,125000.0003,254,0,100000000.0,0.0,0,0,0.008,0.0,0.0,0.0,0,0,0,0,0.0,0.0,0.0,100,0,0,0,6,2,2,2,2,6,0,0,0,3,6,0,Fuzzers,1
68992,1e-06,tcp,-,REQ,2,0,90,0,1000000.003,254,0,360000000.0,0.0,1,0,0.001,0.0,0.0,0.0,255,0,0,0,0.0,0.0,0.0,45,0,0,0,9,6,5,1,1,8,0,0,0,6,8,0,Normal,0
56196,3e-06,sccopmce,-,INT,2,0,200,0,333333.3215,254,0,266666656.0,0.0,0,0,0.003,0.0,0.0,0.0,0,0,0,0,0.0,0.0,0.0,100,0,0,0,10,2,4,4,4,4,0,0,0,8,10,0,Exploits,1
34615,0.016144,tcp,-,FIN,48,50,2958,32368,6008.424185,31,29,1435579.75,15719029.0,7,18,0.33666,0.319776,18.721891,18.103727,255,221655701,221877736,255,0.000602,0.000468,0.000134,62,647,0,0,5,0,2,1,1,1,0,0,0,2,3,0,Normal,0
26484,0.023805,tcp,-,FIN,16,18,1540,1644,1386.263397,31,29,485276.2188,521907.1563,4,4,1.566067,1.372059,108.174766,2.469875,255,240352610,251593429,255,0.000598,0.000477,0.000121,96,91,0,0,15,0,11,12,1,7,0,0,0,16,15,0,Normal,0
70680,0.279398,tcp,http,FIN,10,8,828,2502,60.845104,62,252,21360.21094,62706.25,2,2,31.044222,38.828,1517.611836,54.982277,255,2046434843,1250738530,255,0.052292,0.006535,0.045757,83,313,1,848,1,1,1,1,1,1,0,0,1,1,3,0,Exploits,1
43815,59.86158,tcp,smtp,CON,4132,682,5539931,30056,80.402155,62,252,740186.4375,4010.853027,2065,6,14.483139,87.823656,1796.537236,110.987172,255,1097695913,2596380872,255,0.159825,0.053634,0.106191,1341,44,0,0,1,3,1,1,1,1,0,0,0,2,1,0,Exploits,1
170584,3.500736,tcp,http,FIN,12,10,1276,2326,5.998739,62,252,2673.723389,4785.279297,2,2,318.16817,380.005344,20975.17687,543.347375,255,1241522225,1502927899,255,0.176978,0.08068,0.096298,106,233,1,632,2,1,5,2,1,1,0,0,1,3,1,0,Generic,1
158986,3e-06,udp,dns,INT,2,0,114,0,333333.3215,254,0,152000000.0,0.0,0,0,0.003,0.0,0.0,0.0,0,0,0,0,0.0,0.0,0.0,57,0,0,0,11,2,11,11,11,11,0,0,0,11,11,0,Generic,1
12530,0.04557,tcp,-,FIN,68,70,4014,59460,3006.363769,31,29,694316.4375,10289401.0,7,28,0.685515,0.651985,43.734307,42.13821,255,4032127660,1899252821,255,0.000734,0.00058,0.000154,59,849,0,0,7,0,3,1,1,1,0,0,0,4,5,0,Normal,0
41887,0.632481,tcp,-,FIN,10,6,486,268,23.716128,254,252,5540.087402,2833.286865,2,1,68.254778,111.769797,3581.123062,182.12575,255,270178803,2296781966,255,0.166459,0.073625,0.092834,49,45,0,0,3,1,1,1,1,2,0,0,0,1,2,0,Normal,0
101830,1.250657,tcp,smtp,FIN,22,20,4548,1764,32.78277,62,252,27774.20313,10720.76563,8,8,59.555093,63.836578,3005.637074,72.520031,255,3770076798,965552058,255,0.097818,0.037019,0.060799,207,88,0,0,1,1,1,1,1,1,0,0,0,1,1,0,Exploits,1
101305,0.646058,tcp,-,FIN,16,10,4892,564,38.696215,254,252,56799.85156,6290.456543,5,3,43.011866,68.613891,2297.166904,89.409969,255,287240909,1485051078,255,0.074686,0.028525,0.046161,306,56,0,0,1,1,1,1,1,1,0,0,0,1,1,0,Exploits,1
21007,0.00587,tcp,ftp-data,FIN,14,6,8928,320,3236.797278,31,29,11299489.0,363884.1563,4,1,0.451538,1.0556,23.933604,1.655222,255,1453556738,1464798630,255,0.000576,0.000446,0.00013,638,53,0,0,3,0,5,1,1,4,0,0,0,8,3,0,Normal,0
90234,0.417563,tcp,http,FIN,10,16,812,12398,59.871206,62,252,14005.07227,222701.7344,2,6,46.395889,24.120999,2370.74642,2168.858797,255,2067537408,1341707067,255,0.120927,0.054984,0.065943,81,775,1,5631,1,1,1,1,1,1,0,0,1,2,1,0,Exploits,1
119782,5e-06,udp,dns,INT,2,0,114,0,200000.0051,254,0,91200000.0,0.0,0,0,0.005,0.0,0.0,0.0,0,0,0,0,0.0,0.0,0.0,57,0,0,0,29,2,15,15,15,29,0,0,0,15,29,0,Generic,1
52436,1.1e-05,unas,-,INT,2,0,200,0,90909.0902,254,0,72727272.0,0.0,0,0,0.011,0.0,0.0,0.0,0,0,0,0,0.0,0.0,0.0,100,0,0,0,11,2,4,3,3,4,0,0,0,8,11,0,Fuzzers,1
8531,4e-06,udp,-,INT,2,0,2202,0,250000.0006,254,0,2202000128.0,0.0,0,0,0.004,0.0,0.0,0.0,0,0,0,0,0.0,0.0,0.0,1101,0,0,0,1,2,1,1,1,1,0,0,0,1,1,0,Exploits,1
69550,0.593767,tcp,http,FIN,10,10,836,1190,31.999084,62,252,10145.39356,14429.90332,2,2,65.974111,55.797445,4211.1793,101.834078,255,2478569654,1472963219,255,0.124882,0.05997,0.064912,84,119,1,130,6,1,1,1,1,6,0,0,1,2,6,0,Normal,0
46626,0.584895,tcp,ftp-data,FIN,8,10,364,3754,29.065045,62,252,4363.17627,46216.83984,1,3,83.556431,59.472222,5811.661064,5032.990993,255,1134283420,3223632703,255,0.09729,0.048982,0.048308,46,375,0,0,1,1,2,1,1,2,0,0,0,2,1,0,Exploits,1
121104,0.527465,tcp,http,FIN,10,6,2454,268,28.437907,254,252,33503.64453,3397.381836,2,1,57.356333,101.238203,4555.423417,189.370219,255,3964778169,4000269696,255,0.055073,0.021271,0.033802,245,45,1,0,1,1,1,1,1,1,0,0,1,1,1,0,DoS,1
91410,1.150377,mux,-,INT,4,0,400,0,2.607841,254,0,2086.272461,0.0,0,0,383.459,0.0,542.280875,0.0,0,0,0,0,0.0,0.0,0.0,100,0,0,0,3,2,4,1,1,9,0,0,0,4,3,0,Backdoor,1
49352,9e-06,ddx,-,INT,2,0,200,0,111111.1072,254,0,88888888.0,0.0,0,0,0.009,0.0,0.0,0.0,0,0,0,0,0.0,0.0,0.0,100,0,0,0,4,2,1,1,1,4,0,0,0,1,4,0,DoS,1
6201,9e-06,kryptolan,-,INT,2,0,200,0,111111.1072,254,0,88888888.0,0.0,0,0,0.009,0.0,0.0,0.0,0,0,0,0,0.0,0.0,0.0,100,0,0,0,6,2,4,3,3,6,0,0,0,13,6,0,DoS,1
6641,3e-06,nsfnet-igp,-,INT,2,0,200,0,333333.3215,254,0,266666656.0,0.0,0,0,0.003,0.0,0.0,0.0,0,0,0,0,0.0,0.0,0.0,100,0,0,0,4,2,2,1,1,4,0,0,0,2,4,0,Exploits,1
168287,4.251802,tcp,-,FIN,20,18,1094,3074,8.702193,62,252,1956.817383,5464.036133,6,7,223.779051,245.917125,16425.73629,486.575094,255,1469422009,1615724718,255,0.127248,0.070553,0.056695,55,171,0,0,1,1,1,1,1,1,0,0,0,19,1,0,Exploits,1
130569,8e-06,udp,dns,INT,2,0,114,0,125000.0003,254,0,57000000.0,0.0,0,0,0.008,0.0,0.0,0.0,0,0,0,0,0.0,0.0,0.0,57,0,0,0,16,2,16,16,4,16,0,0,0,16,16,0,Generic,1
32835,0.050893,tcp,-,FIN,72,74,4238,63516,2849.114739,31,29,657064.8125,9849370.0,7,30,0.712211,0.689082,42.624321,41.30907,255,1600536753,3746208748,255,0.000732,0.000584,0.000148,59,858,0,0,2,0,3,1,1,4,0,0,0,2,2,0,Normal,0
15842,0.024854,tcp,smtp,FIN,52,42,37372,3380,3741.852319,31,29,11798181.0,1062203.25,18,8,0.49022,0.593756,29.036782,1.084678,255,3574973665,1431034088,255,0.000624,0.000504,0.00012,719,80,0,0,1,0,4,1,1,3,0,0,0,8,1,0,Normal,0
69347,7.875669,tcp,http,FIN,240,1542,11058,2069572,226.139519,62,252,11185.84375,2100880.5,3,769,32.952591,5.112571,1727.836058,665.251186,255,3423292462,2832167821,255,0.051182,0.00679,0.044392,46,1342,1,2378,2,1,1,1,1,1,0,0,1,1,1,0,Exploits,1
77105,0.618818,tcp,-,FIN,10,6,534,268,24.239761,254,252,6218.306641,2895.843506,2,1,65.995444,105.348602,3468.934556,174.760594,255,74595761,1390486582,255,0.23717,0.092067,0.145103,53,45,0,0,5,1,6,1,1,17,0,0,0,6,5,0,Normal,0
9799,0.004844,udp,-,CON,4,4,568,320,1445.086676,31,29,703550.75,396366.625,0,0,1.274,1.094333,1.793224,1.538429,0,0,0,0,0.0,0.0,0.0,142,80,0,0,12,0,7,2,1,6,0,0,0,8,9,0,Normal,0
127542,5e-06,udp,dns,INT,2,0,114,0,200000.0051,254,0,91200000.0,0.0,0,0,0.005,0.0,0.0,0.0,0,0,0,0,0.0,0.0,0.0,57,0,0,0,33,2,17,17,17,33,0,0,0,17,33,0,Generic,1
95087,1.498339,tcp,-,FIN,20,20,2642,3768,26.028822,254,252,13401.50586,19114.49805,7,7,78.859947,72.791898,4099.318436,104.073492,255,4101204319,1159092382,255,0.099586,0.058898,0.040688,132,188,0,0,1,1,1,1,1,1,0,0,0,1,1,0,Exploits,1
70639,1e-06,sun-nd,-,INT,2,0,200,0,1000000.003,254,0,800000000.0,0.0,0,0,0.001,0.0,0.0,0.0,0,0,0,0,0.0,0.0,0.0,100,0,0,0,4,2,2,2,2,4,0,0,0,3,4,0,Exploits,1
83016,3.329142,tcp,ftp,FIN,14,12,700,682,7.509442,254,252,1561.963989,1504.291504,4,4,243.940923,293.758281,19200.89328,557.733375,255,2069140960,3739096345,255,0.159272,0.0978,0.061472,50,57,0,0,1,1,1,1,1,1,0,0,0,3,1,0,Normal,0
60811,1.172551,tcp,ftp,FIN,16,14,1384,1014,24.732399,254,252,8855.904297,6427.012207,5,5,76.118866,83.482844,3919.305261,104.44982,255,1228797218,3656820106,255,0.180014,0.087269,0.092745,87,72,0,0,1,1,1,1,1,1,1,1,0,1,1,0,Exploits,1
41875,2.702816,tcp,-,FIN,12,8,5262,354,7.029705,254,252,14278.44141,917.561523,3,1,245.567639,372.66,19143.31037,754.01475,255,2333586336,1077391492,255,0.14579,0.094188,0.051602,439,44,0,0,3,1,19,1,1,1,0,0,0,1,2,0,Normal,0
55242,9e-06,unas,-,INT,2,0,200,0,111111.1072,254,0,88888888.0,0.0,0,0,0.009,0.0,0.0,0.0,0,0,0,0,0.0,0.0,0.0,100,0,0,0,3,2,1,1,1,3,0,0,0,2,3,0,Exploits,1
29276,0.005613,tcp,-,FIN,22,24,2054,2478,8017.102965,31,29,2794940.25,3384999.0,6,6,0.2631,0.21813,15.721427,12.801808,255,1638086650,1638401754,255,0.000711,0.000588,0.000123,93,103,0,0,4,0,1,1,1,2,0,0,0,2,11,0,Normal,0
1624,7e-06,swipe,-,INT,2,0,200,0,142857.1409,254,0,114285712.0,0.0,0,0,0.007,0.0,0.0,0.0,0,0,0,0,0.0,0.0,0.0,100,0,0,0,5,2,3,3,3,5,0,0,0,3,5,0,DoS,1
134089,9e-06,udp,dns,INT,2,0,114,0,111111.1072,254,0,50666664.0,0.0,0,0,0.009,0.0,0.0,0.0,0,0,0,0,0.0,0.0,0.0,57,0,0,0,28,2,11,11,11,28,0,0,0,11,28,0,Generic,1
78481,9e-06,udp,-,INT,2,0,1064,0,111111.1072,254,0,472888864.0,0.0,0,0,0.009,0.0,0.0,0.0,0,0,0,0,0.0,0.0,0.0,532,0,0,0,3,2,1,1,1,3,0,0,0,1,7,0,Normal,0
76583,7e-06,udp,-,INT,2,0,104,0,142857.1409,254,0,59428572.0,0.0,0,0,0.007,0.0,0.0,0.0,0,0,0,0,0.0,0.0,0.0,52,0,0,0,4,2,2,2,1,3,0,0,0,2,3,0,Normal,0
70983,0.392482,tcp,-,FIN,10,6,574,268,38.218312,254,252,10538.0625,4565.814453,2,1,41.828222,70.568398,2285.987168,121.708695,255,252896367,3366582378,255,0.131269,0.03963,0.091639,57,45,0,0,5,1,1,1,1,5,0,0,0,11,5,0,Normal,0
35728,0.001146,udp,dns,CON,2,2,146,178,2617.801058,31,29,509598.5938,621291.4375,0,0,0.01,0.007,0.0,0.0,0,0,0,0,0.0,0.0,0.0,73,89,0,0,2,0,1,1,1,2,0,0,0,1,1,0,Normal,0
31533,0.000997,udp,dns,CON,2,2,132,164,3009.027007,31,29,529588.75,657973.875,0,0,0.01,0.005,0.0,0.0,0,0,0,0,0.0,0.0,0.0,66,82,0,0,2,0,4,2,1,2,0,0,0,9,3,0,Normal,0
5413,8e-06,unas,-,INT,2,0,200,0,125000.0003,254,0,100000000.0,0.0,0,0,0.008,0.0,0.0,0.0,0,0,0,0,0.0,0.0,0.0,100,0,0,0,5,2,3,3,3,5,0,0,0,3,5,0,DoS,1
174934,8e-06,udp,dns,INT,2,0,114,0,125000.0003,254,0,57000000.0,0.0,0,0,0.008,0.0,0.0,0.0,0,0,0,0,0.0,0.0,0.0,57,0,0,0,18,2,16,16,16,18,0,0,0,16,18,0,Generic,1
157196,5e-06,udp,dns,INT,2,0,114,0,200000.0051,254,0,91200000.0,0.0,0,0,0.005,0.0,0.0,0.0,0,0,0,0,0.0,0.0,0.0,57,0,0,0,33,2,33,33,16,33,0,0,0,33,33,0,Generic,1
131365,9e-06,udp,dns,INT,2,0,114,0,111111.1072,254,0,50666664.0,0.0,0,0,0.009,0.0,0.0,0.0,0,0,0,0,0.0,0.0,0.0,57,0,0,0,49,2,41,41,22,49,0,0,0,42,49,0,Generic,1
49453,1.447233,tcp,http,FIN,10,8,774,354,11.746554,254,252,3852.869629,1713.614868,2,1,156.619667,199.437141,11778.25104,300.245687,255,4185668641,4111234729,255,0.081553,0.051164,0.030389,77,44,1,0,1,1,1,1,1,2,0,0,1,1,1,0,Reconnaissance,1
148031,9e-06,udp,dns,INT,2,0,114,0,111111.1072,254,0,50666664.0,0.0,0,0,0.009,0.0,0.0,0.0,0,0,0,0,0.0,0.0,0.0,57,0,0,0,23,2,17,17,10,23,0,0,0,18,23,0,Generic,1
68044,0.707465,tcp,-,FIN,10,6,490,268,21.202463,254,252,4986.819336,2532.987549,2,1,76.316778,113.240797,4197.425472,179.925703,255,348088152,1041526741,255,0.214701,0.141258,0.073443,49,45,0,0,5,1,1,1,1,5,0,0,0,2,5,0,Normal,0
2426,0.250642,tcp,http,FIN,10,6,1202,268,59.846314,254,252,34535.3125,7149.639648,2,1,24.976556,45.635602,1303.511588,67.069563,255,2900064183,1479398332,255,0.076036,0.022459,0.053577,120,45,1,0,1,1,1,1,1,1,0,0,1,1,1,0,Exploits,1
77565,1e-06,udp,-,INT,2,0,1064,0,1000000.003,254,0,4256000000.0,0.0,0,0,0.001,0.0,0.0,0.0,0,0,0,0,0.0,0.0,0.0,532,0,0,0,35,2,12,11,1,35,0,0,0,11,35,0,Normal,0
93384,2.231908,tcp,smtp,FIN,22,20,3465,1860,18.369932,254,252,11857.11914,6333.594238,8,8,106.281333,112.282422,5506.550854,150.983453,255,1423105684,2770600151,255,0.135274,0.079758,0.055516,158,93,0,0,1,1,1,1,1,1,0,0,0,1,1,0,DoS,1
124130,7e-06,udp,dns,INT,2,0,114,0,142857.1409,254,0,65142856.0,0.0,0,0,0.007,0.0,0.0,0.0,0,0,0,0,0.0,0.0,0.0,57,0,0,0,26,2,18,18,18,26,0,0,0,20,26,0,Generic,1
169852,0.669268,tcp,-,FIN,10,8,564,354,25.400885,254,252,6072.305664,3705.541016,2,1,72.147556,87.680289,5496.292585,125.56393,255,1023193611,267280998,255,0.103635,0.055489,0.048146,56,44,0,0,1,1,1,1,1,1,0,0,0,1,1,0,Reconnaissance,1
67852,0.707382,tcp,-,FIN,10,6,1294,268,21.204949,254,252,13175.3418,2533.284668,2,1,75.762111,107.197398,3984.381125,139.001234,255,1043307743,3488063031,255,0.272164,0.171394,0.10077,129,45,0,0,1,1,1,1,1,1,0,0,0,1,1,0,Normal,0
103352,2.090943,tcp,-,FIN,12,10,3064,800,10.043315,254,252,10747.30371,2754.737793,4,2,4820.775583,5781.621,509398.7288,16696.776,255,3359294228,3467500524,255,0.181772,0.109068,0.072704,255,80,0,0,10,1,3,5,3,3,0,0,0,5,3,0,Fuzzers,1
103650,1.077686,tcp,-,FIN,10,8,544,354,15.77454,254,252,3637.42334,2301.227051,2,1,119.730778,143.759719,7947.591542,187.912766,255,3582227478,2599070390,255,0.144267,0.071365,0.072902,54,44,0,0,5,1,1,1,1,1,0,0,0,3,1,0,Shellcode,1
2955,0.025861,tcp,-,FIN,64,66,3806,51808,4988.206055,31,29,1159119.875,15784076.0,7,26,0.419098,0.394203,21.89574,21.435462,255,1937423856,1937742293,255,0.000761,0.000623,0.000138,59,785,0,0,11,0,2,1,1,4,0,0,0,6,6,0,Normal,0
48923,0.338061,tcp,http,FIN,10,8,844,1492,50.286782,62,252,17984.91992,30905.66406,2,2,37.562333,45.43143,1865.108158,61.417398,255,1236864086,3483318789,255,0.075417,0.019101,0.056316,84,187,1,319,1,1,1,1,1,1,0,0,1,1,1,0,Exploits,1
58887,2e-06,udp,dns,INT,2,0,114,0,500000.0013,254,0,228000000.0,0.0,0,0,0.002,0.0,0.0,0.0,0,0,0,0,0.0,0.0,0.0,57,0,0,0,13,2,6,6,3,6,0,0,0,6,13,0,Generic,1
78117,0.817406,tcp,-,FIN,10,6,544,268,18.350734,254,252,4795.658691,2192.301025,2,1,88.935222,146.054203,4835.965859,254.999453,255,2395448151,2640071218,255,0.152457,0.087127,0.06533,54,45,0,0,4,1,1,1,1,3,0,0,0,1,3,0,Normal,0
15923,0.001007,udp,dns,CON,2,2,146,178,2979.146024,31,29,579940.4375,707050.6875,0,0,0.009,0.004,0.0,0.0,0,0,0,0,0.0,0.0,0.0,73,89,0,0,3,0,2,1,1,1,0,0,0,2,1,0,Normal,0
77044,2.582355,tcp,-,FIN,18,10,1068,556,10.455572,254,252,3125.828857,1552.071655,5,3,147.937173,276.370437,10073.83808,466.194344,255,1054280310,2072782007,255,0.183968,0.095018,0.08895,59,56,0,0,1,1,1,1,1,1,0,0,0,1,1,0,Normal,0
59413,5e-06,unas,-,INT,2,0,200,0,200000.0051,254,0,160000000.0,0.0,0,0,0.005,0.0,0.0,0.0,0,0,0,0,0.0,0.0,0.0,100,0,0,0,5,2,3,3,3,5,0,0,0,3,5,0,Exploits,1
64169,0.586014,tcp,-,FIN,10,6,534,268,25.596659,254,252,6566.396484,3057.94751,2,1,61.405444,93.2,3171.791948,141.564063,255,1388444048,2306573643,255,0.190019,0.120013,0.070006,53,45,0,0,4,1,8,1,1,2,0,0,0,2,21,0,Fuzzers,1
113987,0.0,arp,-,INT,1,0,46,0,0.0,0,0,0.0,0.0,0,0,60000.672,0.0,15.492021,0.0,0,0,0,0,0.0,0.0,0.0,46,0,0,0,2,2,2,2,2,2,0,0,0,2,2,1,Normal,0
37769,0.352229,tcp,-,FIN,202,396,11722,495632,1694.92007,31,29,264918.5625,11228627.0,19,178,1.750577,0.890443,105.616255,54.389772,255,4176799538,4180951813,255,0.000629,0.0005,0.000129,58,1252,0,0,9,0,8,6,1,6,0,0,0,11,6,0,Normal,0
82722,1.288397,tcp,-,FIN,60,16,68185,698,58.211873,254,252,416325.0938,4067.06958,27,1,21.821661,77.692664,2116.323576,90.794172,255,426088898,4255949389,255,0.204941,0.123001,0.08194,1136,44,1,0,4,1,1,1,1,2,0,0,1,1,2,0,Normal,0
23270,0.001059,udp,dns,CON,2,2,146,178,2832.861107,31,29,551463.625,672332.375,0,0,0.009,0.008,0.0,0.0,0,0,0,0,0.0,0.0,0.0,73,89,0,0,4,0,2,1,1,1,0,0,0,4,2,0,Normal,0
45221,33.520821,ospf,-,REQ,70,0,7560,0,2.058422,254,0,1778.476807,0.0,0,0,496.161938,0.0,571.28375,0.0,0,0,0,0,0.0,0.0,0.0,108,0,0,0,7,6,2,2,2,2,0,0,0,3,6,0,DoS,1
56026,2e-06,udp,-,REQ,2,0,104,0,500000.0013,254,0,208000000.0,0.0,0,0,31497.956,0.0,31497.958,0.0,0,0,0,0,0.0,0.0,0.0,52,0,0,0,2,6,2,2,2,2,0,0,0,2,2,0,Fuzzers,1
160427,9e-06,udp,dns,INT,2,0,114,0,111111.1072,254,0,50666664.0,0.0,0,0,0.009,0.0,0.0,0.0,0,0,0,0,0.0,0.0,0.0,57,0,0,0,33,2,17,17,17,33,0,0,0,17,33,0,Generic,1
172513,1e-06,udp,dns,INT,2,0,114,0,1000000.003,254,0,456000000.0,0.0,0,0,0.001,0.0,0.0,0.0,0,0,0,0,0.0,0.0,0.0,57,0,0,0,15,2,15,15,15,15,0,0,0,15,15,0,Generic,1
23089,9e-06,udp,dns,INT,2,0,114,0,111111.1072,254,0,50666664.0,0.0,0,0,0.009,0.0,0.0,0.0,0,0,0,0,0.0,0.0,0.0,57,0,0,0,25,2,25,25,25,25,0,0,0,28,25,0,Generic,1
105936,6e-06,irtp,-,INT,2,0,200,0,166666.6608,254,0,133333328.0,0.0,0,0,0.006,0.0,0.0,0.0,0,0,0,0,0.0,0.0,0.0,100,0,0,0,4,2,2,2,2,4,0,0,0,2,4,0,Exploits,1
23419,0.028444,tcp,smtp,FIN,52,42,37210,3380,3269.582385,31,29,10264379.0,928139.5,18,8,0.550804,0.680854,35.74984,1.270742,255,698968567,700029828,255,0.000634,0.000526,0.000108,716,80,0,0,1,0,4,1,1,3,0,0,0,4,2,0,Normal,0
74009,0.998688,tcp,-,FIN,12,10,998,828,21.027589,254,252,7329.616699,5975.840332,3,2,85.41118,97.438445,5305.353828,141.573953,255,411639063,134692715,255,0.200762,0.121733,0.079029,83,83,0,0,2,1,3,1,1,2,0,0,0,1,8,0,Fuzzers,1
155258,9e-06,udp,dns,INT,2,0,114,0,111111.1072,254,0,50666664.0,0.0,0,0,0.009,0.0,0.0,0.0,0,0,0,0,0.0,0.0,0.0,57,0,0,0,18,2,17,17,17,18,0,0,0,17,18,0,Generic,1
20485,3e-06,udp,dns,INT,2,0,114,0,333333.3215,254,0,152000000.0,0.0,0,0,0.003,0.0,0.0,0.0,0,0,0,0,0.0,0.0,0.0,57,0,0,0,26,2,25,25,25,26,0,0,0,25,26,0,Generic,1
37297,1.161433,tcp,http,FIN,14,18,1684,10168,26.691166,31,29,10772.89844,66152.76563,3,5,89.312002,68.287471,8844.400873,7743.880543,255,3488460428,3487072547,255,0.000684,0.000542,0.000142,120,565,1,3924,1,0,3,1,1,3,0,0,1,3,2,0,Normal,0
35488,0.001016,udp,dns,CON,2,2,146,178,2952.755752,31,29,574803.125,700787.375,0,0,0.006,0.005,0.0,0.0,0,0,0,0,0.0,0.0,0.0,73,89,0,0,2,0,3,2,1,2,0,0,0,3,3,0,Normal,0
50524,0.567117,tcp,-,FIN,10,6,552,268,26.44957,254,252,7010.899414,3159.842041,2,1,58.886333,97.081,3182.675739,143.528016,255,1984532517,3891861497,255,0.132198,0.081704,0.050494,55,45,0,0,7,1,2,2,1,6,0,0,0,2,6,0,Fuzzers,1
28404,0.018825,tcp,-,FIN,16,18,1540,1644,1752.988034,31,29,613652.0625,659973.4375,4,4,1.232933,1.074412,74.455247,2.297205,255,1585394093,3739783290,255,0.000696,0.000556,0.00014,96,91,0,0,18,0,9,6,1,6,0,0,0,10,8,0,Normal,0
24096,0.052893,tcp,-,FIN,72,74,4238,63516,2741.383466,31,29,632219.75,9476944.0,7,30,0.7512,0.716521,43.149731,42.19544,255,1661548832,3811437806,255,0.000704,0.000578,0.000126,59,858,0,0,9,0,3,1,1,2,0,0,0,4,5,0,Normal,0
58399,4.885117,tcp,-,FIN,22,38,1186,32392,12.0775,62,252,1855.431519,51650.75781,6,17,232.618479,129.391032,14616.39385,10321.54218,255,4181009452,785530020,255,0.205517,0.09764,0.107877,54,852,0,0,1,1,1,1,1,1,0,0,0,1,1,0,Exploits,1
137866,0.216648,tcp,-,FIN,10,6,1142,268,69.236735,254,252,37960.19531,8271.482422,2,1,21.770667,41.323398,1146.369263,65.901156,255,716533368,486091701,255,0.0565,0.010022,0.046478,114,45,0,0,2,1,1,1,1,1,0,0,0,1,1,0,Shellcode,1
129499,9e-06,udp,dns,INT,2,0,114,0,111111.1072,254,0,50666664.0,0.0,0,0,0.009,0.0,0.0,0.0,0,0,0,0,0.0,0.0,0.0,57,0,0,0,16,2,17,16,16,16,0,0,0,16,16,0,Generic,1
107314,0.204309,tcp,http,FIN,10,6,906,268,73.418204,254,252,31951.60156,8771.02832,2,1,21.545111,35.927,1120.064388,57.15107,255,1778461054,64310622,255,0.079037,0.024665,0.054372,91,45,1,0,1,1,1,1,1,1,0,0,1,1,1,0,Reconnaissance,1
62857,3.668923,tcp,-,FIN,28,72,1428,75328,26.983396,62,252,3002.516113,161970.1563,6,34,135.886038,50.515716,8836.949861,5758.627775,255,1537596354,267815591,255,0.097736,0.054445,0.043291,51,1046,0,0,1,1,1,1,1,1,0,0,0,1,1,0,Exploits,1
74595,0.489364,tcp,-,FIN,10,6,612,268,30.65203,254,252,9007.610352,3661.895752,2,1,54.276,88.855203,2946.478135,144.869172,255,333402855,2705431635,255,0.103337,0.045082,0.058255,61,45,0,0,12,1,4,2,1,12,0,0,0,4,12,0,Normal,0
40235,0.212855,tcp,-,FIN,66,68,3926,57474,624.838516,31,29,145338.375,2128359.75,7,27,3.270123,3.166582,183.410773,174.086723,255,2436853685,2526568000,255,0.000832,0.000691,0.000141,59,845,0,0,4,0,3,1,1,1,0,0,0,4,2,0,Normal,0
155960,9e-06,udp,dns,INT,2,0,114,0,111111.1072,254,0,50666664.0,0.0,0,0,0.009,0.0,0.0,0.0,0,0,0,0,0.0,0.0,0.0,57,0,0,0,21,2,19,18,18,21,0,0,0,18,21,0,Generic,1
64631,0.380194,tcp,-,FIN,10,6,840,268,39.453541,254,252,15907.66797,4713.383301,2,1,42.243778,54.197199,2245.238858,72.254352,255,1754778990,279122369,255,0.173485,0.10849,0.064995,84,45,0,0,1,1,1,1,1,1,0,0,0,1,1,0,Reconnaissance,1
18371,5e-06,udp,dns,INT,2,0,114,0,200000.0051,254,0,91200000.0,0.0,0,0,0.005,0.0,0.0,0.0,0,0,0,0,0.0,0.0,0.0,57,0,0,0,43,2,43,43,25,43,0,0,0,43,43,0,Generic,1
91447,9e-06,any,-,INT,2,0,200,0,111111.1072,254,0,88888888.0,0.0,0,0,0.009,0.0,0.0,0.0,0,0,0,0,0.0,0.0,0.0,100,0,0,0,12,2,4,3,3,16,0,0,0,5,12,0,Exploits,1
72174,1e-05,udp,-,INT,2,0,776,0,100000.0025,254,0,310400000.0,0.0,0,0,0.01,0.0,0.0,0.0,0,0,0,0,0.0,0.0,0.0,388,0,0,0,33,2,15,15,1,33,0,0,0,15,33,0,Normal,0
56869,3e-06,unas,-,INT,2,0,200,0,333333.3215,254,0,266666656.0,0.0,0,0,0.003,0.0,0.0,0.0,0,0,0,0,0.0,0.0,0.0,100,0,0,0,1,2,2,1,1,1,0,0,0,1,1,0,Exploits,1
46770,1.03636,tcp,http,FIN,60,14,68197,612,70.438842,254,252,517665.6563,4392.295898,27,1,17.322569,71.933078,1707.621761,108.93218,255,4074720584,3763998851,255,0.171848,0.101222,0.070626,1137,44,1,0,2,1,1,1,1,23,0,0,1,1,2,0,Normal,0
53834,1.2e-05,udp,-,INT,2,0,586,0,83333.33039,254,0,195333328.0,0.0,0,0,0.012,0.0,0.0,0.0,0,0,0,0,0.0,0.0,0.0,293,0,0,0,26,2,14,14,1,26,0,0,0,14,26,0,Fuzzers,1
30813,0.021657,tcp,ftp,FIN,52,54,2934,3742,4848.317084,31,29,1063120.5,1356790.0,11,15,0.418216,0.398509,29.119782,0.691754,255,945704828,3092077495,255,0.000643,0.000532,0.000111,56,69,0,0,1,0,4,1,1,4,1,1,0,5,1,0,Normal,0
6072,0.001069,udp,dns,CON,2,2,146,178,2806.361109,31,29,546304.9375,666043.0625,0,0,0.008,0.002,0.0,0.0,0,0,0,0,0.0,0.0,0.0,73,89,0,0,1,0,1,1,1,1,0,0,0,1,2,0,Normal,0
1185,0.966825,tcp,http,FIN,10,8,506,354,17.583327,254,252,3773.175049,2565.097168,2,1,107.425,127.56657,5712.046646,215.059875,255,2180720326,3217535319,255,0.173802,0.073222,0.10058,51,44,1,0,4,1,1,1,1,3,0,0,1,1,3,0,Fuzzers,1
107099,0.743355,tcp,-,FIN,12,8,1002,730,25.559794,254,252,9890.294922,6876.929688,3,2,64.197089,96.21643,3732.401632,125.92625,255,2039158678,3822005785,255,0.140636,0.069836,0.0708,84,91,0,0,2,1,1,1,1,2,0,0,0,1,2,0,Fuzzers,1
24435,1.04573,tcp,-,FIN,52,54,2934,3742,100.408328,31,29,22017.15625,28099.03125,11,15,20.498234,19.721453,1589.748842,57.453621,255,2392366480,2397546014,255,0.000613,0.000489,0.000124,56,69,0,0,16,0,3,1,1,2,0,0,0,2,15,0,Normal,0
116376,0.256293,tcp,http,FIN,10,6,930,268,58.526765,254,252,26126.34766,6991.997559,2,1,28.477,46.280398,1355.531068,67.573672,255,2475894496,776530758,255,0.072225,0.024097,0.048128,93,45,1,0,2,1,1,1,1,2,0,0,1,1,2,0,Reconnaissance,1
166185,2e-05,udp,dns,INT,2,0,114,0,50000.00126,254,0,22800000.0,0.0,0,0,0.02,0.0,0.0,0.0,0,0,0,0,0.0,0.0,0.0,57,0,0,0,33,2,33,33,16,33,0,0,0,33,33,0,Generic,1
76024,3.028357,tcp,ftp,FIN,22,22,1158,1598,14.199118,62,252,2921.716309,4031.22876,7,9,144.20747,141.614807,8441.385884,10184.72732,255,109081739,1673352547,255,0.085515,0.053734,0.031781,53,73,0,0,1,1,2,1,1,2,1,1,0,2,1,0,Exploits,1
155081,2e-06,udp,dns,INT,2,0,114,0,500000.0013,254,0,228000000.0,0.0,0,0,0.002,0.0,0.0,0.0,0,0,0,0,0.0,0.0,0.0,57,0,0,0,16,2,16,16,16,16,0,0,0,16,16,0,Generic,1
50607,2.060678,tcp,-,FIN,10,8,564,354,8.249712,254,252,1972.166382,1203.487427,2,1,224.221667,281.742844,13833.61675,429.766344,255,2933338584,4085545447,255,0.16397,0.088467,0.075503,56,44,0,0,5,1,1,1,1,1,0,0,0,1,1,0,Reconnaissance,1
133557,8e-06,udp,dns,INT,2,0,114,0,125000.0003,254,0,57000000.0,0.0,0,0,0.008,0.0,0.0,0.0,0,0,0,0,0.0,0.0,0.0,57,0,0,0,37,2,37,37,26,37,0,0,0,37,37,0,Generic,1
48702,0.629777,tcp,-,FIN,10,6,534,268,23.817954,254,252,6110.099121,2845.45166,2,1,68.132222,114.782398,3683.252159,191.765672,255,958373708,984479785,255,0.15895,0.055856,0.103094,53,45,0,0,6,1,2,2,2,4,0,0,0,4,4,0,Fuzzers,1
59717,0.212106,tcp,http,FIN,10,6,776,268,70.719356,254,252,26364.17578,8448.605469,2,1,19.925111,35.932398,1018.398119,48.323699,255,725823062,2332931582,255,0.065559,0.032441,0.033118,78,45,1,0,1,1,1,1,1,1,0,0,1,3,1,0,Reconnaissance,1
155594,9e-06,udp,dns,INT,2,0,114,0,111111.1072,254,0,50666664.0,0.0,0,0,0.009,0.0,0.0,0.0,0,0,0,0,0.0,0.0,0.0,57,0,0,0,30,2,30,30,16,30,0,0,0,30,30,0,Generic,1
14104,8e-06,udp,dns,INT,2,0,114,0,125000.0003,254,0,57000000.0,0.0,0,0,0.008,0.0,0.0,0.0,0,0,0,0,0.0,0.0,0.0,57,0,0,0,32,2,32,32,16,32,0,0,0,32,32,0,Generic,1
25522,0.006417,tcp,-,FIN,22,24,2054,2478,7012.622502,31,29,2444756.0,2960885.0,6,6,0.289381,0.251391,17.614384,14.716033,255,2579135120,429885397,255,0.000753,0.000625,0.000128,93,103,0,0,9,0,2,2,2,3,0,0,0,4,5,0,Normal,0
51732,0.589875,tcp,-,FIN,10,6,588,268,25.429117,254,252,7187.963867,3037.931885,2,1,65.439333,101.395203,3359.664604,152.655969,255,1327907791,405761779,255,0.143788,0.082892,0.060896,59,45,0,0,4,1,1,1,1,1,0,0,0,1,4,0,Fuzzers,1
41216,0.67565,tcp,-,CON,6,2,998,86,10.360394,62,252,9851.253906,509.139343,2,1,135.13,0.007,7540.699493,0.0,255,2553004300,3024635304,255,0.505385,0.150809,0.354576,166,43,0,0,3,3,1,1,1,3,0,0,0,1,3,0,Normal,0
96951,9e-06,unas,-,INT,2,0,200,0,111111.1072,254,0,88888888.0,0.0,0,0,0.009,0.0,0.0,0.0,0,0,0,0,0.0,0.0,0.0,100,0,0,0,7,2,4,4,4,12,0,0,0,4,7,0,Analysis,1
157839,9e-06,udp,dns,INT,2,0,114,0,111111.1072,254,0,50666664.0,0.0,0,0,0.009,0.0,0.0,0.0,0,0,0,0,0.0,0.0,0.0,57,0,0,0,42,2,34,33,16,42,0,0,0,34,42,0,Generic,1
2078,1.234029,tcp,-,FIN,12,10,1040,806,17.017428,254,252,6184.619141,4706.53418,3,2,109.679271,129.438,6384.123666,223.3965,255,324416209,100424985,255,0.170991,0.069084,0.101907,87,81,0,0,5,1,2,1,1,2,0,0,0,2,2,0,Fuzzers,1
158422,1.610042,tcp,ftp-data,FIN,8,10,364,5526,10.558731,62,252,1585.05188,24714.88281,1,3,230.006,166.589111,16273.96838,14159.62833,255,2323458838,1275213676,255,0.153658,0.076535,0.077123,46,553,0,0,1,1,2,1,1,2,0,0,0,2,1,0,Exploits,1
18371,0.004676,tcp,-,FIN,18,18,3936,2456,7485.029596,31,29,6360992.0,3969204.25,7,7,0.256529,0.245471,12.731696,0.325237,255,2088126576,2091168321,255,0.00063,0.000499,0.000131,219,136,0,0,11,0,8,1,1,3,0,0,0,9,10,0,Normal,0
84505,0.63412,tcp,-,FIN,10,8,564,354,26.808806,254,252,6408.881836,3910.931641,2,1,69.502222,89.589711,5463.852079,140.365125,255,3517653116,3907287868,255,0.052961,0.006989,0.045972,56,44,0,0,1,1,1,1,1,1,0,0,0,1,1,0,Reconnaissance,1
8450,0.026942,tcp,-,FIN,64,66,3806,51808,4788.063284,31,29,1112612.25,15150768.0,7,26,0.429532,0.411547,23.541539,23.074656,255,2618170288,473086540,255,0.000736,0.000594,0.000142,59,785,0,0,8,0,2,1,1,1,0,0,0,2,10,0,Normal,0
82305,1.766424,tcp,-,FIN,10,8,588,354,9.623964,254,252,2400.329834,1403.966431,2,1,192.876889,246.954,13800.73453,358.776313,255,2420472018,1098293943,255,0.090915,0.037742,0.053173,59,44,0,0,1,1,1,1,1,1,0,0,0,1,1,0,Normal,0
72194,0.96797,tcp,http,FIN,12,10,3148,1782,21.694887,254,252,23851.97852,13256.60938,3,3,87.997276,100.553,4686.699302,151.622266,255,1291540044,2280330156,255,0.180505,0.062346,0.118159,262,178,1,109,1,1,1,1,1,1,0,0,1,2,1,0,Exploits,1
94754,0.853411,tcp,-,FIN,10,8,588,354,19.920062,254,252,4968.297852,2905.985352,2,1,88.364778,109.823141,4849.745876,199.865875,255,551978738,2700624504,255,0.264374,0.084646,0.179728,59,44,0,0,2,1,2,1,1,1,0,0,0,1,2,0,Fuzzers,1
36187,0.053936,tcp,-,FIN,66,68,3926,57474,2465.885452,31,29,573568.6875,8399436.0,7,27,0.824923,0.796821,48.190545,47.687488,255,3879042740,3899122162,255,0.000668,0.000545,0.000123,59,845,0,0,1,0,3,1,1,2,0,0,0,4,5,0,Normal,0
63024,1.083981,tcp,-,FIN,10,8,564,354,15.682931,254,252,3749.143066,2287.862793,2,1,118.063778,144.664,7400.380791,217.230984,255,2275191052,1602123339,255,0.121913,0.071325,0.050588,56,44,0,0,2,1,1,2,1,1,0,0,0,2,1,0,Reconnaissance,1
16112,0.004713,tcp,-,FIN,18,18,3744,2456,7426.268088,31,29,6002122.0,3938044.0,7,7,0.259,0.244706,12.874536,0.323158,255,2007136624,2010367478,255,0.000695,0.00055,0.000145,208,136,0,0,5,0,3,1,1,3,0,0,0,3,7,0,Normal,0
113248,3e-06,udp,-,INT,2,0,1064,0,333333.3215,254,0,1418666624.0,0.0,0,0,0.003,0.0,0.0,0.0,0,0,0,0,0.0,0.0,0.0,532,0,0,0,3,2,3,2,2,2,0,0,0,2,6,0,Fuzzers,1
22809,5e-06,udp,dns,INT,2,0,114,0,200000.0051,254,0,91200000.0,0.0,0,0,0.005,0.0,0.0,0.0,0,0,0,0,0.0,0.0,0.0,57,0,0,0,23,2,18,18,18,23,0,0,0,18,23,0,Generic,1
21949,0.012078,tcp,-,FIN,22,24,2054,2478,3725.782343,31,29,1298890.5,1573108.125,6,6,0.558571,0.495826,53.584121,44.652248,255,476646542,2622363629,255,0.000811,0.000665,0.000146,93,103,0,0,3,0,3,1,1,2,0,0,0,3,13,0,Normal,0
170214,3e-06,udp,dns,INT,2,0,114,0,333333.3215,254,0,152000000.0,0.0,0,0,0.003,0.0,0.0,0.0,0,0,0,0,0.0,0.0,0.0,57,0,0,0,11,2,11,11,11,12,0,0,0,11,11,0,Generic,1
98900,4e-06,udp,-,INT,2,0,168,0,250000.0006,254,0,168000000.0,0.0,0,0,0.004,0.0,0.0,0.0,0,0,0,0,0.0,0.0,0.0,84,0,0,0,1,2,1,1,1,1,0,0,0,1,1,0,Reconnaissance,1
41949,1.094884,tcp,-,FIN,20,10,6164,556,26.486823,254,252,42788.09375,3660.661621,6,3,55.737105,116.059664,3330.905961,174.047609,255,2409109702,1153997004,255,0.117309,0.050339,0.06697,308,56,0,0,4,1,1,1,1,4,0,0,0,1,4,0,Normal,0
113796,4.711118,tcp,-,FIN,10,8,756,354,3.608485,254,252,1156.41333,526.414307,2,1,523.457556,662.416438,41958.81477,1274.591625,255,1273735576,1952713037,255,0.258843,0.073778,0.185065,76,44,0,0,2,1,1,1,1,1,0,0,0,1,1,0,Fuzzers,1
170423,9e-06,udp,dns,INT,2,0,114,0,111111.1072,254,0,50666664.0,0.0,0,0,0.009,0.0,0.0,0.0,0,0,0,0,0.0,0.0,0.0,57,0,0,0,21,2,17,16,16,21,0,0,0,16,21,0,Generic,1
10578,0.035879,tcp,-,FIN,68,70,4014,59460,3818.389479,31,29,881852.875,13068591.0,7,28,0.53091,0.512667,0.0,29.85051,255,1963638510,1975905956,255,0.000627,0.000501,0.000126,59,849,0,0,7,0,4,1,1,1,0,0,0,4,9,0,Normal,0
137407,0.631206,tcp,-,FIN,10,8,564,354,26.932571,254,252,6438.46875,3928.986816,2,1,69.605778,85.801711,5453.459088,133.646344,255,2124982564,1354345890,255,0.076189,0.030585,0.045604,56,44,0,0,2,1,1,1,1,2,0,0,0,1,2,0,Reconnaissance,1
55963,6e-06,any,-,INT,2,0,200,0,166666.6608,254,0,133333328.0,0.0,0,0,0.006,0.0,0.0,0.0,0,0,0,0,0.0,0.0,0.0,100,0,0,0,3,2,3,3,3,3,0,0,0,4,3,0,DoS,1
9754,0.018028,tcp,-,FIN,16,18,1540,1644,1830.485873,31,29,640781.0,689150.1875,4,4,1.1812,1.032882,71.77205,2.029988,255,970079306,975104379,255,0.000585,0.000464,0.000121,96,91,0,0,9,0,8,6,1,7,0,0,0,8,8,0,Normal,0
121248,0.901843,tcp,-,FIN,10,8,564,354,18.850287,254,252,4506.327637,2749.924316,2,1,100.204778,118.25957,7249.321834,178.005844,255,3590839261,2174428316,255,0.091216,0.031175,0.060041,56,44,0,0,6,1,1,1,1,1,0,0,0,2,1,0,Reconnaissance,1
125320,7e-06,udp,dns,INT,2,0,114,0,142857.1409,254,0,65142856.0,0.0,0,0,0.007,0.0,0.0,0.0,0,0,0,0,0.0,0.0,0.0,57,0,0,0,25,2,16,16,16,25,0,0,0,16,25,0,Generic,1
27366,0.018391,tcp,-,FIN,16,18,1540,1644,1794.355925,31,29,628133.3125,675547.8125,4,4,1.205067,1.054706,73.019982,2.239179,255,1054929807,3208623632,255,0.000581,0.000458,0.000123,96,91,0,0,6,0,6,6,1,6,0,0,0,8,7,0,Normal,0
130909,4e-06,udp,dns,INT,2,0,114,0,250000.0006,254,0,114000000.0,0.0,0,0,0.004,0.0,0.0,0.0,0,0,0,0,0.0,0.0,0.0,57,0,0,0,34,2,34,34,16,34,0,0,0,34,34,0,Generic,1
126876,3e-06,bbn-rcc,-,INT,2,0,180,0,333333.3215,254,0,239999984.0,0.0,0,0,0.003,0.0,0.0,0.0,0,0,0,0,0.0,0.0,0.0,90,0,0,0,10,2,9,8,8,10,0,0,0,8,10,0,Backdoor,1
63630,0.855489,tcp,-,FIN,10,8,850,1088,19.871675,62,252,7153.803223,8902.510742,2,2,94.959667,104.56343,5157.580481,198.202609,255,4181611180,30658863,255,0.212849,0.123535,0.089314,85,136,0,0,8,1,1,2,1,1,0,0,0,2,1,0,Exploits,1
17715,0.30125,tcp,-,FIN,26,28,4352,2976,175.933604,31,29,111136.9219,76215.76563,7,7,12.03736,11.139963,713.790652,18.527123,255,3719760837,1573211752,255,0.000627,0.000468,0.000159,167,106,0,0,8,0,6,1,1,3,0,0,0,2,9,0,Normal,0
130881,9e-06,udp,dns,INT,2,0,114,0,111111.1072,254,0,50666664.0,0.0,0,0,0.009,0.0,0.0,0.0,0,0,0,0,0.0,0.0,0.0,57,0,0,0,30,2,19,19,8,30,0,0,0,19,30,0,Generic,1
126695,0.911397,sctp,-,CON,4,2,528,392,5.486084,254,60,3475.982666,1720.435791,0,0,303.799,0.001,429.626781,0.0,0,0,0,0,0.0,0.0,0.0,132,196,0,0,1,0,1,1,1,2,0,0,0,1,1,0,Exploits,1
86127,1e-05,unas,-,INT,2,0,200,0,100000.0025,254,0,80000000.0,0.0,0,0,0.01,0.0,0.0,0.0,0,0,0,0,0.0,0.0,0.0,100,0,0,0,8,2,3,2,2,12,0,0,0,3,8,0,Exploits,1
43181,9e-06,udp,-,INT,2,0,104,0,111111.1072,254,0,46222220.0,0.0,0,0,0.009,0.0,0.0,0.0,0,0,0,0,0.0,0.0,0.0,52,0,0,0,5,2,4,2,1,5,0,0,0,2,13,0,Normal,0
4294,6.403974,tcp,-,FIN,432,858,24328,1094788,201.281265,31,29,30321.17188,1366043.0,38,390,14.857675,7.471272,5413.871761,3835.628868,255,3800499392,1693798163,255,0.001246,0.001085,0.000161,56,1276,0,0,7,0,9,2,1,6,0,0,0,3,12,0,Normal,0
75742,0.39866,tcp,-,CON,6,2,978,86,17.558822,62,252,16354.78809,862.890686,2,1,79.732,0.007,5025.71858,0.0,255,1860875897,4259174839,255,0.352388,0.227536,0.124852,163,43,0,0,5,3,2,2,1,4,0,0,0,2,4,0,Normal,0
45145,0.955962,tcp,-,FIN,10,6,2516,268,15.691,254,252,18954.72852,1874.551514,2,1,106.218,163.086797,5490.621719,285.74075,255,434176323,479910988,255,0.200617,0.108734,0.091883,252,45,0,0,4,1,1,1,1,4,0,0,0,2,3,0,Normal,0
53096,0.996274,tcp,-,FIN,10,10,608,646,19.071059,254,252,4400.395996,4673.413086,2,3,110.697111,93.986781,5608.23907,129.819391,255,575384141,3960606937,255,0.283407,0.149662,0.133745,61,65,0,0,3,1,1,1,1,1,0,0,0,1,3,0,Exploits,1
165153,5e-06,udp,dns,INT,2,0,114,0,200000.0051,254,0,91200000.0,0.0,0,0,0.005,0.0,0.0,0.0,0,0,0,0,0.0,0.0,0.0,57,0,0,0,13,2,13,13,13,13,0,0,0,13,13,0,Generic,1
46604,3.867432,tcp,smtp,FIN,606,106,773890,5336,183.842917,62,252,1598193.25,10934.38672,281,8,6.39245,36.580668,770.302506,56.671668,255,25073478,568559396,255,0.05143,0.007475,0.043955,1277,50,0,0,1,1,1,1,1,1,0,0,0,1,1,0,Exploits,1
54585,1e-05,udp,dns,INT,2,0,114,0,100000.0025,254,0,45600000.0,0.0,0,0,0.01,0.0,0.0,0.0,0,0,0,0,0.0,0.0,0.0,57,0,0,0,7,2,4,4,4,4,0,0,0,4,7,0,Generic,1
90883,2.146296,ospf,-,INT,18,0,2858,0,7.920622,254,0,10063.84961,0.0,0,0,126.252703,0.0,172.395125,0.0,0,0,0,0,0.0,0.0,0.0,159,0,0,0,1,2,1,1,1,1,0,0,0,1,1,0,DoS,1
48527,6.696556,ospf,-,INT,40,0,10880,0,5.823889,254,0,12672.78223,0.0,0,0,171.706562,0.0,194.223172,0.0,0,0,0,0,0.0,0.0,0.0,272,0,0,0,2,2,2,2,2,2,0,0,0,2,2,0,Fuzzers,1
16297,5e-06,udp,dns,INT,2,0,114,0,200000.0051,254,0,91200000.0,0.0,0,0,0.005,0.0,0.0,0.0,0,0,0,0,0.0,0.0,0.0,57,0,0,0,35,2,35,35,13,35,0,0,0,35,35,0,Generic,1
64880,0.743831,tcp,-,FIN,20,26,968,11168,60.497615,62,252,9894.720703,115499.3594,7,11,39.148999,28.758759,1928.060502,1649.077277,255,3725636945,2422419848,255,0.066776,0.021259,0.045517,48,430,0,0,2,1,1,1,1,1,0,0,0,1,1,0,Exploits,1
173993,3e-06,udp,dns,INT,2,0,114,0,333333.3215,254,0,152000000.0,0.0,0,0,0.003,0.0,0.0,0.0,0,0,0,0,0.0,0.0,0.0,57,0,0,0,16,2,16,16,16,16,0,0,0,16,16,0,Generic,1
57052,3e-06,ttp,-,INT,2,0,200,0,333333.3215,254,0,266666656.0,0.0,0,0,0.003,0.0,0.0,0.0,0,0,0,0,0.0,0.0,0.0,100,0,0,0,5,2,2,2,2,5,0,0,0,2,5,0,Exploits,1
32853,1.160793,tcp,http,FIN,14,18,1684,10168,26.705882,31,29,10778.83887,66189.23438,3,5,89.265156,68.248294,8838.016977,7738.187409,255,3925926231,1786321237,255,0.000698,0.000568,0.00013,120,565,1,3924,1,0,2,1,1,2,0,0,1,3,1,0,Normal,0
73895,0.672873,tcp,-,FIN,10,6,626,268,22.292468,254,252,6705.574219,2663.206787,2,1,71.455333,120.790602,4060.988728,196.490609,255,3995532614,3989719055,255,0.129767,0.068917,0.06085,63,45,0,0,11,1,2,1,1,10,0,0,0,2,10,0,Normal,0
39859,1.206056,tcp,http,FIN,14,18,1684,10168,25.703616,31,29,10374.31055,63705.16797,3,5,92.748154,70.890118,9465.827919,8286.12752,255,3125439376,981017135,255,0.001063,0.000922,0.000141,120,565,1,3924,1,0,1,1,1,1,0,0,1,2,1,0,Normal,0
1596,0.459003,tcp,-,FIN,10,6,1506,268,32.679525,254,252,23633.83203,3904.114014,2,1,45.321222,78.668602,2291.47004,111.135797,255,4103098805,3892470387,255,0.110199,0.065657,0.044542,151,45,0,0,2,1,1,1,1,2,0,0,0,1,2,0,Fuzzers,1
24063,0.029773,tcp,-,FIN,48,50,2958,32642,3257.985354,31,29,778423.375,8595707.0,7,18,0.626489,0.596816,35.330406,34.782145,255,1241551752,3416687133,255,0.000657,0.000526,0.000131,62,653,0,0,12,0,5,1,1,4,0,0,0,6,8,0,Normal,0
33251,2.509063,tcp,-,FIN,50,52,3848,19084,40.254071,31,29,12026.80078,59678.05469,11,15,52.264939,49.185273,3471.309795,3364.87977,255,196681546,2342381349,255,0.000744,0.000605,0.000139,77,367,0,0,5,0,2,1,1,2,0,0,0,2,3,0,Normal,0
12949,3e-06,udp,dns,INT,2,0,114,0,333333.3215,254,0,152000000.0,0.0,0,0,0.003,0.0,0.0,0.0,0,0,0,0,0.0,0.0,0.0,57,0,0,0,33,2,25,25,25,33,0,0,0,26,33,0,Generic,1
133808,3e-06,udp,dns,INT,2,0,114,0,333333.3215,254,0,152000000.0,0.0,0,0,0.003,0.0,0.0,0.0,0,0,0,0,0.0,0.0,0.0,57,0,0,0,26,2,10,10,10,26,0,0,0,10,26,0,Generic,1
76651,5e-06,unas,-,INT,2,0,200,0,200000.0051,254,0,160000000.0,0.0,0,0,0.005,0.0,0.0,0.0,0,0,0,0,0.0,0.0,0.0,100,0,0,0,6,2,2,2,2,6,0,0,0,19,6,0,Fuzzers,1
412,0.905874,tcp,-,FIN,16,12,904,642,29.805469,254,252,7488.899902,5201.606445,5,3,58.588333,75.297633,3988.949962,102.384992,255,1737780158,614709883,255,0.120151,0.077597,0.042554,57,54,0,0,5,1,1,1,1,5,0,0,0,2,5,0,Fuzzers,1
47868,1.1e-05,udp,-,INT,2,0,210,0,90909.0902,254,0,76363632.0,0.0,0,0,0.011,0.0,0.0,0.0,0,0,0,0,0.0,0.0,0.0,105,0,0,0,1,2,1,1,1,1,0,0,0,1,1,0,Shellcode,1
91704,2.855894,tcp,-,CON,8,4,3482,182,3.851683,254,252,8535.330078,383.767731,3,1,369.511433,918.356312,28447.16306,1298.74,255,3406953359,127381742,255,0.210901,0.100817,0.110084,435,46,1,0,1,0,2,2,2,2,0,0,4,2,1,0,Fuzzers,1
93965,5e-06,unas,-,INT,2,0,200,0,200000.0051,254,0,160000000.0,0.0,0,0,0.005,0.0,0.0,0.0,0,0,0,0,0.0,0.0,0.0,100,0,0,0,11,2,3,3,3,14,0,0,0,3,11,0,Exploits,1
110332,1e-05,udp,-,INT,2,0,104,0,100000.0025,254,0,41600000.0,0.0,0,0,0.01,0.0,0.0,0.0,0,0,0,0,0.0,0.0,0.0,52,0,0,0,4,2,2,2,2,3,0,0,0,3,3,0,Fuzzers,1
41974,0.838084,tcp,-,FIN,16,12,978,642,32.216342,254,252,8753.299805,5622.348145,5,3,55.872267,71.864633,3066.696745,105.143852,255,3545121065,1903769390,255,0.111198,0.046096,0.065102,61,54,0,0,6,1,1,1,1,5,0,0,0,1,5,0,Normal,0
41961,0.983269,tcp,-,FIN,16,10,974,556,25.425393,254,252,7436.418945,4076.198975,5,3,60.969133,97.294891,3044.612171,118.912742,255,1276371439,1492826788,255,0.15729,0.107607,0.049683,61,56,0,0,3,1,1,1,1,3,0,0,0,2,3,0,Normal,0
78681,8e-06,udp,-,INT,2,0,104,0,125000.0003,254,0,52000000.0,0.0,0,0,0.008,0.0,0.0,0.0,0,0,0,0,0.0,0.0,0.0,52,0,0,0,5,2,4,1,1,3,0,0,0,3,10,0,Normal,0
20296,0.031624,tcp,-,FIN,60,62,3614,50036,3826.20788,31,29,899064.0,12453579.0,7,24,0.530136,0.525254,35.345666,35.625983,255,3151314588,1006254295,255,0.000765,0.000625,0.00014,60,807,0,0,3,0,3,1,1,2,0,0,0,2,6,0,Normal,0
13748,9e-06,udp,dns,INT,2,0,114,0,111111.1072,254,0,50666664.0,0.0,0,0,0.009,0.0,0.0,0.0,0,0,0,0,0.0,0.0,0.0,57,0,0,0,23,2,18,18,18,23,0,0,0,18,23,0,Generic,1
54202,0.541777,tcp,-,FIN,10,8,566,354,31.378223,254,252,7530.773438,4577.528809,2,1,52.261,68.905859,3529.36488,110.255609,255,3536004002,3520348636,255,0.093324,0.059431,0.033893,57,44,0,0,12,1,1,1,1,12,0,0,0,1,12,0,Fuzzers,1
13982,1.092996,tcp,http,FIN,12,18,1580,10168,26.532576,31,29,10605.71094,70294.85938,3,5,99.312548,64.262588,9551.746597,7697.839994,255,3421953995,1276371820,255,0.000665,0.000526,0.000139,132,565,1,3924,2,0,5,1,1,2,0,0,1,2,1,0,Normal,0
16759,0.001721,udp,-,CON,4,4,544,304,4067.402792,31,29,1896571.875,1059849.0,0,0,0.454,0.205333,0.63781,0.269381,0,0,0,0,0.0,0.0,0.0,136,76,0,0,6,0,4,1,1,4,0,0,0,4,7,0,Normal,0
61312,6e-06,wsn,-,INT,2,0,200,0,166666.6608,254,0,133333328.0,0.0,0,0,0.006,0.0,0.0,0.0,0,0,0,0,0.0,0.0,0.0,100,0,0,0,12,2,3,2,2,3,0,0,0,3,12,0,DoS,1
72686,1.241317,tcp,http,FIN,10,12,814,5774,16.917515,62,252,4724.014648,34112.15625,2,3,137.924111,103.546182,8236.986423,7393.153461,255,4051237926,3456445208,255,0.085384,0.040943,0.044441,81,481,1,2394,1,1,1,1,1,1,0,0,1,1,1,0,Exploits,1
65064,1.080215,tcp,ftp-data,FIN,8,8,364,2440,13.886125,62,252,2362.492676,15811.66699,1,2,154.127996,145.241281,10301.08752,277.7875,255,1806864933,1786368801,255,0.13911,0.063525,0.075585,46,305,0,0,1,1,2,1,1,2,0,0,0,3,1,0,Exploits,1
89618,8e-06,udp,-,INT,2,0,168,0,125000.0003,254,0,84000000.0,0.0,0,0,0.008,0.0,0.0,0.0,0,0,0,0,0.0,0.0,0.0,84,0,0,0,1,2,1,1,1,2,0,0,0,1,1,0,Reconnaissance,1
40974,0.0,arp,-,INT,1,0,46,0,0.0,0,0,0.0,0.0,0,0,60000.68,0.0,10.954514,0.0,0,0,0,0,0.0,0.0,0.0,46,0,0,0,1,2,1,1,1,1,0,0,0,1,1,1,Normal,0
105213,0.316219,tcp,-,FIN,10,6,588,268,47.43548,254,252,13408.42871,5666.958496,2,1,32.584222,50.517602,1706.000742,74.89743,255,1894645427,2481169625,255,0.111205,0.063622,0.047583,59,45,0,0,4,1,3,1,1,4,0,0,0,1,5,0,Normal,0
110195,0.661275,tcp,http,FIN,20,34,2492,37772,80.148195,62,252,28647.6875,443531.0313,6,15,34.803947,19.624576,1823.338568,1545.5824,255,3978079766,3004870303,255,0.054648,0.008745,0.045903,125,1111,1,109,1,1,1,1,1,1,0,0,1,1,1,0,Exploits,1
42190,2e-06,udp,-,INT,2,0,1064,0,500000.0013,254,0,2128000000.0,0.0,0,0,0.002,0.0,0.0,0.0,0,0,0,0,0.0,0.0,0.0,532,0,0,0,34,2,10,10,1,34,0,0,0,10,34,0,Normal,0
150537,8e-06,udp,dns,INT,2,0,114,0,125000.0003,254,0,57000000.0,0.0,0,0,0.008,0.0,0.0,0.0,0,0,0,0,0.0,0.0,0.0,57,0,0,0,16,2,16,16,16,17,0,0,0,16,16,0,Generic,1
61131,2e-06,sctp,-,INT,2,0,152,0,500000.0013,254,0,304000000.0,0.0,0,0,0.002,0.0,0.0,0.0,0,0,0,0,0.0,0.0,0.0,76,0,0,0,1,2,1,1,1,1,0,0,0,1,1,0,Reconnaissance,1
72873,1.788785,tcp,-,FIN,34,12,34210,526,25.156741,254,252,148498.5625,2160.125488,14,1,52.403364,156.765547,6199.476354,220.41725,255,3080084659,2099562056,255,0.127759,0.064361,0.063398,1006,44,0,0,2,1,1,1,1,2,0,0,0,1,2,0,Normal,0
162482,9e-06,udp,dns,INT,2,0,114,0,111111.1072,254,0,50666664.0,0.0,0,0,0.009,0.0,0.0,0.0,0,0,0,0,0.0,0.0,0.0,57,0,0,0,28,2,18,17,17,28,0,0,0,17,28,0,Generic,1
124239,5e-06,unas,-,INT,2,0,200,0,200000.0051,254,0,160000000.0,0.0,0,0,0.005,0.0,0.0,0.0,0,0,0,0,0.0,0.0,0.0,100,0,0,0,5,2,2,2,2,5,0,0,0,5,5,0,Exploits,1
69362,0.561635,tcp,http,FIN,10,8,836,1252,30.268768,62,252,10725.82715,15611.5625,2,2,62.387444,69.924141,2967.210908,100.150031,255,4101668126,3739460838,255,0.127023,0.072158,0.054865,84,157,1,205,2,1,1,1,1,2,0,0,1,1,2,0,Normal,0
65491,0.768812,tcp,smtp,FIN,26,20,10814,1672,58.531865,62,252,108208.5078,16534.60156,10,8,30.752478,39.194738,1716.334767,48.031191,255,3402966957,1455391670,255,0.053609,0.007292,0.046317,416,84,0,0,1,1,1,1,1,1,0,0,0,1,1,0,Exploits,1
39062,0.828304,tcp,-,FIN,64,106,4172,114238,204.031372,31,29,39666.59766,1092941.75,8,44,13.141683,7.88379,2406.631261,1863.598425,255,1804961567,1874822973,255,0.000622,0.000505,0.000117,65,1078,0,0,10,0,2,2,1,13,0,0,0,2,14,0,Normal,0
23727,0.346672,tcp,-,FIN,10,6,2530,268,43.268565,254,252,52545.34375,5169.151367,2,1,35.706,56.365398,1911.653816,88.190508,255,2894854101,901228912,255,0.136218,0.064837,0.071381,253,45,0,0,9,1,2,2,1,9,0,0,0,2,9,0,Normal,0
86058,0.998385,tcp,-,FIN,12,10,1080,828,21.03397,254,252,7932.811523,5977.653809,3,2,84.687997,97.834781,5555.623268,141.360797,255,534607227,330501955,255,0.204269,0.117867,0.086402,90,83,0,0,3,1,1,1,1,3,0,0,0,1,3,0,Fuzzers,1
32390,0.00411,tcp,http,FIN,8,10,1040,824,4136.252944,31,29,1771289.5,1444282.25,2,2,0.533143,0.401556,34.654771,0.740444,255,995711262,996672776,255,0.000624,0.000492,0.000132,130,82,1,83,2,0,3,1,1,2,0,0,1,12,1,0,Normal,0
59882,4e-06,unas,-,INT,2,0,200,0,250000.0006,254,0,200000000.0,0.0,0,0,0.004,0.0,0.0,0.0,0,0,0,0,0.0,0.0,0.0,100,0,0,0,4,2,1,1,1,4,0,0,0,1,4,0,DoS,1
93848,3.231846,ospf,-,INT,82,0,5248,0,25.063075,254,0,12832.29395,0.0,0,0,39.899332,0.0,67.509523,0.0,0,0,0,0,0.0,0.0,0.0,64,0,0,0,1,2,1,1,1,1,0,0,0,24,1,0,DoS,1
36640,0.001097,udp,dns,CON,2,2,146,178,2734.731157,31,29,532361.0,649042.875,0,0,0.041,0.013,0.0,0.0,0,0,0,0,0.0,0.0,0.0,73,89,0,0,2,0,4,1,1,1,0,0,0,1,4,0,Normal,0
78929,0.467257,tcp,http,FIN,10,8,822,354,36.382548,254,252,12669.6875,5307.571777,2,1,49.759778,62.025715,3384.785312,107.000031,255,1353013895,2739736172,255,0.083836,0.033068,0.050768,82,44,1,0,1,1,1,1,1,1,0,0,1,2,1,0,Reconnaissance,1
147182,3e-06,udp,dns,INT,2,0,114,0,333333.3215,254,0,152000000.0,0.0,0,0,0.003,0.0,0.0,0.0,0,0,0,0,0.0,0.0,0.0,57,0,0,0,19,2,18,18,18,19,0,0,0,18,19,0,Generic,1
7573,0.00103,udp,dns,CON,2,2,146,178,2912.621237,31,29,566990.25,691262.125,0,0,0.009,0.005,0.0,0.0,0,0,0,0,0.0,0.0,0.0,73,89,0,0,1,0,1,1,1,1,0,0,0,4,3,0,Normal,0
60829,1.285491,tcp,-,FIN,10,8,455,354,13.224519,254,252,2551.554199,1929.223999,2,1,142.832333,171.186719,8527.221499,314.056438,255,2065025846,3860538007,255,0.125344,0.070571,0.054773,46,44,0,0,1,1,1,1,1,1,0,0,0,1,2,0,DoS,1
34420,0.00603,udp,-,CON,4,4,568,312,1160.862391,31,29,565174.125,310447.7813,0,0,1.742333,1.244333,2.460496,1.751977,0,0,0,0,0.0,0.0,0.0,142,78,0,0,7,0,5,1,1,3,0,0,0,6,7,0,Normal,0
42434,0.483676,tcp,-,FIN,10,6,1612,268,31.012497,254,252,23999.53711,3704.959717,2,1,51.531444,83.981797,2544.161383,125.055547,255,757789939,413417711,255,0.125043,0.063759,0.061284,161,45,0,0,8,1,2,2,1,7,0,0,0,3,7,0,Normal,0
157236,37.642654,ospf,-,INT,20,0,1280,0,0.504747,254,0,258.430237,0.0,0,0,1981.19225,0.0,2308.8885,0.0,0,0,0,0,0.0,0.0,0.0,64,0,0,0,2,2,2,2,2,2,0,0,0,2,2,0,DoS,1
127586,5e-06,udp,dns,INT,2,0,114,0,200000.0051,254,0,91200000.0,0.0,0,0,0.005,0.0,0.0,0.0,0,0,0,0,0.0,0.0,0.0,57,0,0,0,23,2,14,14,14,23,0,0,0,14,23,0,Generic,1
16376,6e-06,udp,dns,INT,2,0,114,0,166666.6608,254,0,76000000.0,0.0,0,0,0.006,0.0,0.0,0.0,0,0,0,0,0.0,0.0,0.0,57,0,0,0,19,2,18,18,18,19,0,0,0,19,19,0,Generic,1
69160,0.349648,tcp,-,FIN,10,6,1612,268,42.900288,254,252,33199.10156,5125.154297,2,1,36.560333,55.593801,1975.697363,88.454406,255,3960072149,1377706868,255,0.130743,0.07167,0.059073,161,45,0,0,7,1,1,1,1,7,0,0,0,1,7,0,Fuzzers,1
65375,1.5e-05,sun-nd,-,INT,1,0,60,0,0.0,0,0,0.0,0.0,0,0,0.0,0.0,0.0,0.0,0,0,0,0,0.0,0.0,0.0,60,0,0,0,4,2,2,2,2,4,0,0,0,4,4,0,Exploits,1
14776,6e-06,udp,dns,INT,2,0,114,0,166666.6608,254,0,76000000.0,0.0,0,0,0.006,0.0,0.0,0.0,0,0,0,0,0.0,0.0,0.0,57,0,0,0,39,2,25,25,25,39,0,0,0,26,39,0,Generic,1
13225,1.5e-05,udp,dns,INT,2,0,114,0,66666.66835,254,0,30400000.0,0.0,0,0,0.015,0.0,0.0,0.0,0,0,0,0,0.0,0.0,0.0,57,0,0,0,23,2,23,23,9,23,0,0,0,23,23,0,Generic,1
78155,0.634406,tcp,-,FIN,10,6,582,268,23.644166,254,252,6607.756348,2824.689697,2,1,67.759222,99.151797,3588.308096,150.318891,255,445106736,2337807395,255,0.255331,0.138639,0.116692,58,45,0,0,9,1,2,2,2,5,0,0,0,3,5,0,Normal,0
23267,8e-06,udp,dns,INT,2,0,114,0,125000.0003,254,0,57000000.0,0.0,0,0,0.008,0.0,0.0,0.0,0,0,0,0,0.0,0.0,0.0,57,0,0,0,43,2,25,25,25,43,0,0,0,25,43,0,Generic,1
63633,0.492506,tcp,http,FIN,10,6,854,268,30.456482,254,252,12491.21875,3638.534424,2,1,53.128222,84.084203,2784.767437,136.737,255,569887689,2524065261,255,0.142069,0.07208,0.069989,85,45,1,0,3,1,11,1,1,1,0,0,1,1,1,0,Reconnaissance,1
39142,0.215344,tcp,-,FIN,67,66,3776,66826,612.972741,31,29,138197.4844,2444981.0,4,29,3.257152,3.304908,187.236127,171.178537,255,3979897599,1830606595,255,0.000604,0.000496,0.000108,56,1013,0,0,10,0,1,1,1,1,0,0,0,7,9,0,Normal,0
62133,1.0878,tcp,smtp,FIN,58,26,50361,1938,76.300789,62,252,363986.0313,13708.40234,26,8,19.084211,41.491121,1474.690724,52.992816,255,1483738034,2441875343,255,0.071636,0.033839,0.037797,868,75,0,0,1,1,38,1,1,1,0,0,0,1,1,0,Exploits,1
30995,1.010682,tcp,http,FIN,14,18,1684,10168,30.672358,31,29,12379.75977,76019.95313,3,5,77.71869,59.419412,8769.96701,7682.873436,255,381063019,2531698182,255,0.000673,0.000548,0.000125,120,565,1,3924,1,0,4,1,1,1,0,0,1,1,1,0,Normal,0
69622,1.305284,tcp,-,FIN,14,10,774,556,17.620686,254,252,4406.703613,3070.596191,4,3,98.589618,110.068445,5723.300886,207.327109,255,3029029672,655749936,255,0.340291,0.314664,0.025627,55,56,0,0,2,1,1,1,1,2,0,0,0,1,3,0,Normal,0
69678,0.0,arp,-,INT,1,0,46,0,0.0,0,0,0.0,0.0,0,0,0.0,0.0,0.0,0.0,0,0,0,0,0.0,0.0,0.0,46,0,0,0,1,2,1,1,1,1,0,0,0,1,1,0,Normal,0
115531,0.706013,tcp,dns,FIN,10,6,660,268,21.246067,254,252,6730.753906,2538.196777,2,1,73.067778,121.698,3669.16063,167.140547,255,2161201822,3160862503,255,0.208889,0.097516,0.111373,66,45,0,0,1,1,1,1,1,3,0,0,0,2,1,0,DoS,1
102773,3e-06,udp,-,INT,2,0,1064,0,333333.3215,254,0,1418666624.0,0.0,0,0,0.003,0.0,0.0,0.0,0,0,0,0,0.0,0.0,0.0,532,0,0,0,3,2,1,1,1,2,0,0,0,3,3,0,Fuzzers,1
122599,9e-06,unas,-,INT,2,0,200,0,111111.1072,254,0,88888888.0,0.0,0,0,0.009,0.0,0.0,0.0,0,0,0,0,0.0,0.0,0.0,100,0,0,0,3,2,1,1,1,4,0,0,0,2,3,0,DoS,1
88018,9e-06,unas,-,INT,2,0,200,0,111111.1072,254,0,88888888.0,0.0,0,0,0.009,0.0,0.0,0.0,0,0,0,0,0.0,0.0,0.0,100,0,0,0,6,2,3,2,2,8,0,0,0,4,6,0,Exploits,1
80122,1.7e-05,udp,-,INT,2,0,168,0,58823.52838,254,0,39529412.0,0.0,0,0,0.017,0.0,0.0,0.0,0,0,0,0,0.0,0.0,0.0,84,0,0,0,1,2,2,1,1,1,0,0,0,1,1,0,Reconnaissance,1
26517,0.046749,tcp,-,FIN,72,74,4238,63516,3101.670657,31,29,715309.4375,10722454.0,7,30,0.654099,0.632562,37.34608,37.208119,255,34979795,35880006,255,0.000713,0.000571,0.000142,59,858,0,0,13,0,4,1,1,1,0,0,0,7,6,0,Normal,0
41712,1.057324,tcp,-,FIN,10,8,534,354,16.078325,254,252,3639.376221,2345.543945,2,1,112.089222,138.318141,6044.027817,228.805375,255,4149184343,2586842195,255,0.161483,0.089094,0.072389,53,44,0,0,1,1,1,1,1,1,0,0,0,1,1,0,Normal,0
102895,0.566851,tcp,http,FIN,10,12,800,8030,37.046771,62,252,10161.40039,103886.2031,2,4,62.983444,43.990364,3216.327162,3766.67831,255,3156523746,1632415321,255,0.158604,0.082243,0.076361,80,669,1,3522,2,1,1,1,1,1,0,0,1,1,1,0,Exploits,1
173334,0.560758,tcp,http,FIN,10,8,1104,354,30.316108,254,252,14180.80566,4422.584961,2,1,62.306444,69.358,3703.035344,115.418594,255,3874369998,3680087888,255,0.121231,0.074312,0.046919,110,44,1,0,2,1,1,2,1,1,0,0,1,3,1,0,Exploits,1
100891,0.0,arp,-,INT,1,0,46,0,0.0,0,0,0.0,0.0,0,0,60000.448,0.0,15.491991,0.0,0,0,0,0,0.0,0.0,0.0,46,0,0,0,1,2,1,1,1,1,0,0,0,1,1,1,Normal,0
9406,0.044913,tcp,-,FIN,78,80,4550,72810,3495.647034,31,29,800124.6875,12806982.0,7,33,0.579286,0.561025,34.040704,33.417427,255,3930424684,1785321357,255,0.000725,0.000584,0.000141,58,910,0,0,10,0,1,1,1,8,0,0,0,2,14,0,Normal,0
54010,0.637846,tcp,-,FIN,10,6,534,268,23.516648,254,252,6032.804199,2809.455566,2,1,66.690889,107.805398,3523.269353,151.752984,255,2838741008,2270905744,255,0.197959,0.098813,0.099146,53,45,0,0,9,1,3,3,3,6,0,0,0,4,6,0,Fuzzers,1
79617,1.1e-05,udp,-,INT,2,0,1252,0,90909.0902,254,0,455272736.0,0.0,0,0,0.011,0.0,0.0,0.0,0,0,0,0,0.0,0.0,0.0,626,0,0,0,10,2,2,2,1,10,0,0,0,2,10,0,Normal,0
30782,0.017816,tcp,-,FIN,40,42,2542,23508,4546.475159,31,29,1113156.75,10304895.0,7,14,0.448359,0.422463,26.168178,25.623566,255,2441416484,2460298818,255,0.000608,0.000492,0.000116,64,560,0,0,10,0,1,1,1,1,0,0,0,4,6,0,Normal,0
74353,0.268719,tcp,-,FIN,10,6,534,268,55.820395,254,252,14319.79199,6668.67627,2,1,28.020667,48.382602,1362.96138,67.089328,255,2816570622,163559789,255,0.079075,0.026797,0.052278,53,45,0,0,4,1,2,2,1,4,0,0,0,2,4,0,Normal,0
86686,57.23156,ospf,-,REQ,34,0,3672,0,0.576605,254,0,498.186676,0.0,0,0,1789.229375,0.0,2212.0085,0.0,0,0,0,0,0.0,0.0,0.0,108,0,0,0,1,6,1,1,1,2,0,0,0,4,1,0,DoS,1
20167,0.000994,udp,dns,CON,2,2,146,178,3018.108646,31,29,587525.125,716297.8125,0,0,0.007,0.005,0.0,0.0,0,0,0,0,0.0,0.0,0.0,73,89,0,0,3,0,3,1,1,3,0,0,0,4,6,0,Normal,0
80641,3e-06,udp,-,INT,2,0,86,0,333333.3215,254,0,114666664.0,0.0,0,0,0.003,0.0,0.0,0.0,0,0,0,0,0.0,0.0,0.0,43,0,0,0,1,2,2,1,1,2,0,0,0,26,1,0,DoS,1
144229,7e-06,udp,dns,INT,2,0,114,0,142857.1409,254,0,65142856.0,0.0,0,0,0.007,0.0,0.0,0.0,0,0,0,0,0.0,0.0,0.0,57,0,0,0,34,2,34,34,16,34,0,0,0,35,34,0,Generic,1
33957,0.030855,tcp,-,FIN,72,74,4238,63516,4699.400418,31,29,1083779.0,16245795.0,7,30,0.442696,0.414384,22.523835,21.911726,255,1235765653,3381466156,255,0.000725,0.000597,0.000128,59,858,0,0,6,0,1,1,1,2,0,0,0,3,9,0,Normal,0
151557,3e-06,udp,dns,INT,2,0,114,0,333333.3215,254,0,152000000.0,0.0,0,0,0.003,0.0,0.0,0.0,0,0,0,0,0.0,0.0,0.0,57,0,0,0,18,2,17,16,16,18,0,0,0,16,18,0,Generic,1
80908,4e-06,tcp,-,REQ,2,0,90,0,250000.0006,254,0,90000000.0,0.0,1,0,0.004,0.0,0.0,0.0,255,0,0,0,0.0,0.0,0.0,45,0,0,0,4,6,3,1,1,4,0,0,0,2,5,0,Normal,0
49032,5e-06,udp,-,INT,2,0,1064,0,200000.0051,254,0,851200000.0,0.0,0,0,0.005,0.0,0.0,0.0,0,0,0,0,0.0,0.0,0.0,532,0,0,0,35,2,10,10,1,10,0,0,0,10,35,0,Fuzzers,1
25094,1.064128,tcp,http,FIN,12,18,1580,10168,27.25236,31,29,10893.42578,72201.83594,3,5,96.705911,62.56465,9936.46512,8005.909607,255,2954365238,810042259,255,0.000663,0.000525,0.000138,132,565,1,3924,1,0,3,1,1,2,0,0,1,5,1,0,Normal,0
100739,0.23071,tcp,http,FIN,10,6,894,268,65.016688,254,252,27913.83203,7767.327148,2,1,25.634444,34.915801,1295.280649,62.089043,255,643440037,3068932579,255,0.093045,0.03674,0.056305,89,45,1,0,1,1,18,1,1,1,0,0,1,1,1,0,Reconnaissance,1
64553,0.18747,tcp,http,FIN,10,10,806,3778,101.349547,62,252,30980.95703,145132.5469,2,3,20.83,17.704556,1080.817386,1316.287142,255,2520728646,2967091279,255,0.039497,0.019486,0.020011,81,378,0,0,1,1,1,1,1,1,0,0,0,1,1,0,Exploits,1
129130,9e-06,udp,dns,INT,2,0,114,0,111111.1072,254,0,50666664.0,0.0,0,0,0.009,0.0,0.0,0.0,0,0,0,0,0.0,0.0,0.0,57,0,0,0,25,2,16,16,16,25,0,0,0,17,25,0,Generic,1
60442,6.060088,tcp,-,FIN,44,26,32662,2182,11.385973,62,252,42138.0,2770.916748,17,8,140.932279,240.082562,15453.85554,579.603687,255,2767394628,4147454321,255,0.172267,0.057405,0.114862,742,84,0,0,4,1,1,1,1,1,0,0,0,2,1,0,Exploits,1
173645,1.033532,tcp,-,FIN,10,10,608,646,18.383562,254,252,4241.765137,4504.94043,2,3,114.836889,97.205445,6168.750775,145.137922,255,2114779577,2900800008,255,0.277182,0.157984,0.119198,61,65,0,0,4,1,1,1,1,2,0,0,0,2,2,0,Exploits,1
70067,1e-06,3pc,-,INT,2,0,200,0,1000000.003,254,0,800000000.0,0.0,0,0,0.001,0.0,0.0,0.0,0,0,0,0,0.0,0.0,0.0,100,0,0,0,5,2,1,1,1,5,0,0,0,2,5,0,Analysis,1
14806,0.001113,udp,dns,CON,2,2,130,162,2695.417846,31,29,467205.75,582210.25,0,0,0.009,0.008,0.0,0.0,0,0,0,0,0.0,0.0,0.0,65,81,0,0,3,0,4,2,1,3,0,0,0,4,4,0,Normal,0
12079,3e-06,udp,dns,INT,2,0,114,0,333333.3215,254,0,152000000.0,0.0,0,0,0.003,0.0,0.0,0.0,0,0,0,0,0.0,0.0,0.0,57,0,0,0,25,2,25,25,25,25,0,0,0,26,25,0,Generic,1
43133,0.383174,tcp,-,FIN,10,6,670,268,39.146706,254,252,12589.58106,4676.726562,2,1,42.574889,65.746797,2246.561442,114.269437,255,10428154,2265788963,255,0.078276,0.053729,0.024547,67,45,0,0,2,1,1,1,1,2,0,0,0,1,2,0,Normal,0
20095,0.02617,tcp,-,FIN,48,50,2958,33044,3706.534138,31,29,885594.1875,9899580.0,7,18,0.561217,0.534917,36.82582,37.174389,255,1580903246,1603795424,255,0.000608,0.000492,0.000116,62,661,0,0,9,0,1,1,1,2,0,0,0,7,4,0,Normal,0
50992,0.559296,tcp,-,FIN,12,6,3666,268,30.395354,254,252,48074.72266,3204.027832,3,1,48.072819,94.574602,2655.953198,132.948375,255,33633628,860614462,255,0.147468,0.086422,0.061046,306,45,0,0,4,1,2,1,1,1,0,0,0,1,3,0,Fuzzers,1
52699,4e-06,udp,dns,INT,2,0,114,0,250000.0006,254,0,114000000.0,0.0,0,0,0.004,0.0,0.0,0.0,0,0,0,0,0.0,0.0,0.0,57,0,0,0,11,2,4,4,3,4,0,0,0,5,11,0,Generic,1
163590,6e-06,udp,-,INT,2,0,592,0,166666.6608,254,0,394666656.0,0.0,0,0,0.006,0.0,0.0,0.0,0,0,0,0,0.0,0.0,0.0,296,0,0,0,2,2,1,1,1,1,0,0,0,1,1,0,Generic,1
71827,0.438333,tcp,-,FIN,10,6,668,268,34.220558,254,252,10987.08008,4088.216064,2,1,45.419222,77.596398,2337.460508,103.467453,255,1353229452,2798857709,255,0.134461,0.050346,0.084115,67,45,0,0,7,1,1,1,1,7,0,0,0,1,8,0,Normal,0
171967,9e-06,udp,dns,INT,2,0,114,0,111111.1072,254,0,50666664.0,0.0,0,0,0.009,0.0,0.0,0.0,0,0,0,0,0.0,0.0,0.0,57,0,0,0,26,2,16,16,16,26,0,0,0,16,26,0,Generic,1
19567,1e-06,udp,dns,INT,2,0,114,0,1000000.003,254,0,456000000.0,0.0,0,0,0.001,0.0,0.0,0.0,0,0,0,0,0.0,0.0,0.0,57,0,0,0,16,2,16,16,16,16,0,0,0,16,16,0,Generic,1
91607,6e-06,3pc,-,INT,2,0,200,0,166666.6608,254,0,133333328.0,0.0,0,0,0.006,0.0,0.0,0.0,0,0,0,0,0.0,0.0,0.0,100,0,0,0,7,2,2,1,1,7,0,0,0,1,7,0,DoS,1
65937,0.985056,tcp,-,FIN,10,6,782,268,15.227561,254,252,5717.441406,1819.185913,2,1,106.719778,186.065203,6746.735632,313.599,255,1314810462,3951082843,255,0.12849,0.054725,0.073765,78,45,0,0,4,1,1,1,1,2,0,0,0,1,2,0,Fuzzers,1
46541,1.700416,tcp,-,FIN,12,8,994,708,11.173737,254,252,4290.714844,2916.93335,3,2,154.572094,226.802,9443.664614,386.672344,255,3247306222,2262778340,255,0.221383,0.112801,0.108582,83,89,0,0,2,1,1,1,1,1,0,0,0,1,2,0,Fuzzers,1
5911,0.305067,tcp,http,FIN,12,20,888,19424,101.617021,62,252,21346.13086,483906.8125,2,8,27.733363,12.975684,1432.149764,0.0,255,1236056498,1431267160,255,0.08473,0.057771,0.026959,74,971,1,9067,1,1,1,1,1,1,0,0,1,1,1,0,DoS,1
51524,6e-06,unas,-,INT,2,0,200,0,166666.6608,254,0,133333328.0,0.0,0,0,0.006,0.0,0.0,0.0,0,0,0,0,0.0,0.0,0.0,100,0,0,0,10,2,4,4,4,4,0,0,0,7,9,0,DoS,1
20171,0.036844,tcp,-,FIN,72,74,4238,63516,3935.511864,31,29,907610.4375,13605037.0,7,30,0.514606,0.496493,29.265385,29.00802,255,1533412002,3679108849,255,0.000732,0.000591,0.000141,59,858,0,0,12,0,2,1,1,2,0,0,0,2,4,0,Normal,0
102127,0.371089,tcp,http,FIN,12,30,882,33776,110.485621,62,252,17440.55859,703895.8125,2,13,33.735365,10.430483,1833.015762,1418.935881,255,3924613703,2829259524,255,0.113158,0.04795,0.065208,74,1126,1,16036,1,1,1,1,1,1,0,0,1,1,1,0,Exploits,1
41682,0.679152,tcp,-,FIN,10,6,534,268,22.086366,254,252,5665.88916,2638.584473,2,1,72.415556,102.793203,3967.674135,136.429484,255,1800317789,3626032339,255,0.320378,0.165183,0.155195,53,45,0,0,4,1,1,1,1,4,0,0,0,2,5,0,Normal,0
535,8e-06,prm,-,INT,2,0,200,0,125000.0003,254,0,100000000.0,0.0,0,0,0.008,0.0,0.0,0.0,0,0,0,0,0.0,0.0,0.0,100,0,0,0,6,2,1,1,1,6,0,0,0,1,6,0,DoS,1
20455,1.080979,tcp,http,FIN,14,18,1684,10168,28.677708,31,29,11574.69336,71076.3125,3,5,83.126154,63.555765,8790.492567,7697.419472,255,1227859385,3374191241,255,0.000652,0.000527,0.000125,120,565,1,3924,1,0,1,1,1,2,0,0,1,1,2,0,Normal,0
170185,3e-06,rsvp,-,INT,2,0,200,0,333333.3215,254,0,266666656.0,0.0,0,0,0.003,0.0,0.0,0.0,0,0,0,0,0.0,0.0,0.0,100,0,0,0,4,2,2,2,2,4,0,0,0,3,4,0,Exploits,1
65634,0.520707,tcp,-,FIN,10,10,612,546,36.48885,254,252,8465.413086,7558.953125,3,4,80.586103,97.981703,4651.201198,150.487125,255,3020515985,1423129019,255,0.232478,0.102011,0.130467,61,55,0,0,5,1,3,3,3,5,0,0,0,3,5,0,Normal,0
166779,3e-06,udp,dns,INT,2,0,114,0,333333.3215,254,0,152000000.0,0.0,0,0,0.003,0.0,0.0,0.0,0,0,0,0,0.0,0.0,0.0,57,0,0,0,18,2,17,17,17,18,0,0,0,17,18,0,Generic,1
56624,2e-06,i-nlsp,-,INT,2,0,200,0,500000.0013,254,0,400000000.0,0.0,0,0,0.002,0.0,0.0,0.0,0,0,0,0,0.0,0.0,0.0,100,0,0,0,6,2,1,1,1,6,0,0,0,1,6,0,Exploits,1
9087,2.888513,ospf,-,INT,82,0,5248,0,28.042109,254,0,14357.55957,0.0,0,0,35.660656,0.0,38.80402,0.0,0,0,0,0,0.0,0.0,0.0,64,0,0,0,1,2,1,1,1,1,0,0,0,1,1,0,DoS,1
153154,9e-06,udp,dns,INT,2,0,114,0,111111.1072,254,0,50666664.0,0.0,0,0,0.009,0.0,0.0,0.0,0,0,0,0,0.0,0.0,0.0,57,0,0,0,28,2,18,17,17,28,0,0,0,17,28,0,Generic,1
33991,0.005513,tcp,-,FIN,18,18,4016,2456,6348.630698,31,29,5504081.5,3366588.25,7,7,0.302588,0.292353,15.206584,0.367211,255,1953973038,1957510520,255,0.000678,0.000539,0.000139,223,136,0,0,3,0,3,1,1,4,0,0,0,5,10,0,Normal,0
9315,1.00477,tcp,http,FIN,12,18,1580,10168,28.862326,31,29,11536.96777,76467.25,3,5,91.311182,59.075472,9529.67249,7674.888821,255,3063206023,3068397944,255,0.000609,0.000484,0.000125,132,565,1,3924,2,0,2,1,1,2,0,0,1,3,1,0,Normal,0
26002,0.001793,udp,-,CON,4,4,520,304,3904.071319,31,29,1740100.375,1017289.438,0,0,0.46,0.232667,0.644175,0.322683,0,0,0,0,0.0,0.0,0.0,130,76,0,0,8,0,4,1,1,3,0,0,0,3,9,0,Normal,0
17210,0.373337,udp,-,CON,4,4,568,304,18.749816,31,29,9128.481445,4885.666504,0,0,119.333664,119.325664,168.756219,168.747734,0,0,0,0,0.0,0.0,0.0,142,76,0,0,7,0,3,1,1,3,0,0,0,4,7,0,Normal,0
35021,0.133999,tcp,-,FIN,24,24,2158,2478,350.748873,31,29,123523.3047,141792.0938,6,6,5.810956,5.794391,427.217364,12.183043,255,3671217642,1526285205,255,0.000872,0.00072,0.000152,90,103,0,0,11,0,3,1,1,7,0,0,0,1,13,0,Normal,0
137954,9e-06,udp,dns,INT,2,0,114,0,111111.1072,254,0,50666664.0,0.0,0,0,0.009,0.0,0.0,0.0,0,0,0,0,0.0,0.0,0.0,57,0,0,0,34,2,25,25,15,34,0,0,0,25,34,0,Generic,1
57075,1.1e-05,narp,-,INT,2,0,200,0,90909.0902,254,0,72727272.0,0.0,0,0,0.011,0.0,0.0,0.0,0,0,0,0,0.0,0.0,0.0,100,0,0,0,14,2,6,4,4,5,0,0,0,5,14,0,Exploits,1
170471,5e-06,udp,dns,INT,2,0,114,0,200000.0051,254,0,91200000.0,0.0,0,0,0.005,0.0,0.0,0.0,0,0,0,0,0.0,0.0,0.0,57,0,0,0,23,2,17,16,16,26,0,0,0,16,23,0,Generic,1
114114,0.193308,tcp,-,FIN,10,6,1142,268,77.596376,254,252,42543.50781,9270.180664,2,1,20.001889,37.176199,1059.747228,63.38084,255,1823801254,2400289342,255,0.053634,0.007421,0.046213,114,45,0,0,2,1,1,1,1,1,0,0,0,1,1,0,Shellcode,1
45182,1.423437,tcp,ftp-data,FIN,10,20,450,20716,20.373223,62,252,2276.180908,110611.1484,1,8,158.086667,70.354,11902.60856,8239.153446,255,558512190,4267333675,255,0.197112,0.086709,0.110403,45,1036,0,0,1,1,2,1,1,2,0,0,0,3,1,0,Exploits,1
63035,2e-06,udp,dns,INT,2,0,114,0,500000.0013,254,0,228000000.0,0.0,0,0,0.002,0.0,0.0,0.0,0,0,0,0,0.0,0.0,0.0,57,0,0,0,4,2,4,4,4,4,0,0,0,4,4,0,Generic,1
42390,0.764951,tcp,-,FIN,32,12,26640,642,56.212752,254,252,269904.875,6159.871582,13,3,23.731775,63.599453,1725.83925,88.293633,255,4202032024,2397012771,255,0.184409,0.065348,0.119061,833,54,0,0,6,1,2,2,1,6,0,0,0,2,6,0,Normal,0
103492,0.860312,tcp,-,FIN,12,8,1048,712,22.085011,254,252,8936.292969,5793.24707,3,2,74.552638,111.393859,3751.571504,149.209203,255,4287154807,1856500221,255,0.181935,0.080547,0.101388,87,89,0,0,8,1,1,1,1,3,0,0,0,2,3,0,Fuzzers,1
52298,0.574998,tcp,-,FIN,10,8,782,354,29.565319,254,252,9794.816406,4313.058105,2,1,63.828889,73.947859,4379.243343,112.003195,255,1679884109,3026577612,255,0.095077,0.057354,0.037723,78,44,0,0,6,1,2,2,1,6,0,0,0,2,6,0,Fuzzers,1
58721,5e-06,udp,dns,INT,2,0,114,0,200000.0051,254,0,91200000.0,0.0,0,0,0.005,0.0,0.0,0.0,0,0,0,0,0.0,0.0,0.0,57,0,0,0,7,2,4,4,4,4,0,0,0,6,7,0,Generic,1
34089,0.09039,tcp,ftp-data,FIN,6,8,320,1838,143.821224,31,29,23630.93359,142405.1406,1,2,18.0118,12.847,1264.900008,31.151844,255,1374234854,3764392128,255,0.000594,0.000458,0.000136,53,230,0,0,4,0,2,1,1,5,0,0,0,4,7,0,Normal,0
123582,1.760719,tcp,http,FIN,10,8,980,354,9.655147,254,252,4007.453857,1408.515503,2,1,190.979667,237.698141,12385.87376,487.684656,255,1418908426,3625707726,255,0.163567,0.09683,0.066737,98,44,1,0,2,1,1,1,1,1,0,0,1,1,1,0,DoS,1
14029,4e-06,udp,dns,INT,2,0,114,0,250000.0006,254,0,114000000.0,0.0,0,0,0.004,0.0,0.0,0.0,0,0,0,0,0.0,0.0,0.0,57,0,0,0,31,2,32,31,17,31,0,0,0,31,31,0,Generic,1
105232,1.284698,tcp,-,FIN,10,8,588,354,13.232682,254,252,3300.386475,1930.414795,2,1,137.471667,170.571281,7774.362542,263.043656,255,1287510273,231629608,255,0.25312,0.09069,0.16243,59,44,0,0,2,1,1,1,1,2,0,0,0,1,2,0,Normal,0
21107,8e-06,udp,dns,INT,2,0,114,0,125000.0003,254,0,57000000.0,0.0,0,0,0.008,0.0,0.0,0.0,0,0,0,0,0.0,0.0,0.0,57,0,0,0,35,2,35,35,20,35,0,0,0,35,35,0,Generic,1
82355,9e-06,any,-,INT,2,0,200,0,111111.1072,254,0,88888888.0,0.0,0,0,0.009,0.0,0.0,0.0,0,0,0,0,0.0,0.0,0.0,100,0,0,0,9,2,3,2,2,13,0,0,0,3,9,0,Analysis,1
46283,0.522847,tcp,http,FIN,10,8,854,1104,32.514292,62,252,11766.34863,14780.61426,2,2,58.094111,66.000141,3668.662099,116.075742,255,281195792,3689662244,255,0.110972,0.060305,0.050667,85,138,1,128,4,1,1,1,1,4,0,0,1,1,4,0,Normal,0
66381,8.616761,tcp,-,REQ,4,0,180,0,0.348159,254,0,125.337112,0.0,3,0,2872.25375,0.0,4061.97025,0.0,255,0,0,0,0.0,0.0,0.0,45,0,0,0,23,6,17,2,2,20,0,0,0,18,20,0,Normal,0
130250,2e-06,udp,dns,INT,2,0,114,0,500000.0013,254,0,228000000.0,0.0,0,0,0.002,0.0,0.0,0.0,0,0,0,0,0.0,0.0,0.0,57,0,0,0,28,2,10,10,10,28,0,0,0,11,28,0,Generic,1
123079,1e-05,udp,-,INT,2,0,1064,0,100000.0025,254,0,425600000.0,0.0,0,0,0.01,0.0,0.0,0.0,0,0,0,0,0.0,0.0,0.0,532,0,0,0,7,2,1,1,1,2,0,0,0,2,4,0,Fuzzers,1
27995,0.158017,tcp,-,FIN,60,62,3598,46036,765.740421,31,29,179170.6094,2293120.5,7,24,2.672475,2.580918,170.354943,162.971266,255,1007438974,1007769342,255,0.000695,0.000571,0.000124,60,743,0,0,9,0,6,1,1,2,0,0,0,2,7,0,Normal,0
86184,0.546727,tcp,-,FIN,10,6,534,268,27.435996,254,252,7038.247559,3277.687012,2,1,55.046222,95.915203,2978.544657,152.257,255,3230298989,2528628086,255,0.188891,0.067143,0.121748,53,45,0,0,7,1,1,1,1,6,0,0,0,1,7,0,Normal,0
153405,9e-06,udp,dns,INT,2,0,114,0,111111.1072,254,0,50666664.0,0.0,0,0,0.009,0.0,0.0,0.0,0,0,0,0,0.0,0.0,0.0,57,0,0,0,30,2,20,20,10,30,0,0,0,20,30,0,Generic,1
31096,1.163207,tcp,http,FIN,12,18,1580,10168,24.931073,31,29,9965.551758,66051.86719,3,5,105.714185,68.394056,9933.070034,8000.137556,255,1113580464,1130739612,255,0.000623,0.000504,0.000119,132,565,1,3924,1,0,1,1,1,2,0,0,1,1,3,0,Normal,0
21528,1.174829,tcp,http,FIN,14,18,1684,10168,26.386819,31,29,10650.06055,65398.45313,3,5,90.344767,69.076059,8854.582013,7752.906427,255,3501198067,3560443240,255,0.000647,0.000532,0.000115,120,565,1,3924,3,0,1,1,1,2,0,0,1,1,2,0,Normal,0
77206,1.137582,tcp,-,FIN,16,10,3430,556,21.976439,254,252,22616.39258,3523.262695,5,3,74.716536,118.108781,4507.271778,185.261531,255,4264383261,3498799852,255,0.125086,0.074595,0.050491,214,56,0,0,6,1,3,3,1,6,0,0,0,3,6,0,Normal,0
26505,0.016834,tcp,-,FIN,48,50,2958,33044,5762.147991,31,29,1376737.5,15389806.0,7,18,0.351511,0.340938,20.416195,19.837754,255,394984145,413799228,255,0.00059,0.000466,0.000124,62,661,0,0,13,0,2,1,1,1,0,0,0,7,7,0,Normal,0
161747,2e-06,udp,dns,INT,2,0,114,0,500000.0013,254,0,228000000.0,0.0,0,0,0.002,0.0,0.0,0.0,0,0,0,0,0.0,0.0,0.0,57,0,0,0,22,2,18,18,18,22,0,0,0,20,22,0,Generic,1
59945,0.848241,tcp,ftp,FIN,14,12,662,682,29.472757,254,252,5800.23877,5903.98291,3,4,65.24931,72.577273,3674.970173,114.35875,255,3755070833,1157040673,255,0.078505,0.049169,0.029336,47,57,0,0,1,1,1,1,1,1,0,0,0,1,1,0,Fuzzers,1
68141,6e-06,udp,-,INT,2,0,1064,0,166666.6608,254,0,709333312.0,0.0,0,0,0.006,0.0,0.0,0.0,0,0,0,0,0.0,0.0,0.0,532,0,0,0,36,2,14,14,1,36,0,0,0,15,36,0,Normal,0
38188,2.620053,tcp,-,FIN,122,126,7816,16782,94.2729,31,29,23669.75,50835.61328,30,32,21.649884,20.956304,1431.133604,1409.306865,255,3029629269,907988448,255,0.000644,0.000513,0.000131,64,133,0,0,7,0,4,1,1,2,0,0,0,7,3,0,Normal,0
65321,8e-06,udp,-,INT,2,0,104,0,125000.0003,254,0,52000000.0,0.0,0,0,0.008,0.0,0.0,0.0,0,0,0,0,0.0,0.0,0.0,52,0,0,0,5,2,2,1,1,5,0,0,0,1,8,0,Fuzzers,1
4989,0.939403,tcp,ftp-data,FIN,10,24,450,24590,35.128694,62,252,3448.999023,200689.1563,1,10,104.378111,34.53887,7123.497975,4254.711762,255,1564777633,640702385,255,0.13832,0.087049,0.051271,45,1025,0,0,1,1,2,1,1,2,0,0,0,2,1,0,Exploits,1
86078,9e-06,gre,-,INT,2,0,200,0,111111.1072,254,0,88888888.0,0.0,0,0,0.009,0.0,0.0,0.0,0,0,0,0,0.0,0.0,0.0,100,0,0,0,8,2,4,4,4,15,0,0,0,4,8,0,Exploits,1
160306,5e-06,udp,dns,INT,2,0,114,0,200000.0051,254,0,91200000.0,0.0,0,0,0.005,0.0,0.0,0.0,0,0,0,0,0.0,0.0,0.0,57,0,0,0,20,2,16,16,6,21,0,0,0,16,20,0,Generic,1
152264,9e-06,udp,dns,INT,2,0,114,0,111111.1072,254,0,50666664.0,0.0,0,0,0.009,0.0,0.0,0.0,0,0,0,0,0.0,0.0,0.0,57,0,0,0,32,2,32,32,16,33,0,0,0,32,32,0,Generic,1
22001,1e-05,udp,dns,INT,2,0,114,0,100000.0025,254,0,45600000.0,0.0,0,0,0.01,0.0,0.0,0.0,0,0,0,0,0.0,0.0,0.0,57,0,0,0,32,2,25,25,25,32,0,0,0,25,32,0,Generic,1
66554,0.332052,tcp,http,FIN,10,8,872,1222,51.196802,62,252,18912.70117,25779.0957,2,2,36.894667,42.995855,1798.649036,56.429469,255,3220261276,613684432,255,0.080291,0.030552,0.049739,87,153,1,191,1,1,36,1,1,1,0,0,1,2,1,0,Exploits,1
12617,5e-06,udp,dns,INT,2,0,114,0,200000.0051,254,0,91200000.0,0.0,0,0,0.005,0.0,0.0,0.0,0,0,0,0,0.0,0.0,0.0,57,0,0,0,39,2,37,37,24,39,0,0,0,37,39,0,Generic,1
159701,9e-06,udp,dns,INT,2,0,114,0,111111.1072,254,0,50666664.0,0.0,0,0,0.009,0.0,0.0,0.0,0,0,0,0,0.0,0.0,0.0,57,0,0,0,30,2,11,11,11,30,0,0,0,11,30,0,Generic,1
15520,4e-06,udp,dns,INT,2,0,114,0,250000.0006,254,0,114000000.0,0.0,0,0,0.004,0.0,0.0,0.0,0,0,0,0,0.0,0.0,0.0,57,0,0,0,43,2,25,25,25,43,0,0,0,25,43,0,Generic,1
21764,0.007256,tcp,ftp-data,FIN,8,12,424,8824,2618.522661,31,29,409040.8125,8918413.0,1,4,0.989714,0.610455,62.011715,32.131251,255,1061162188,1069401362,255,0.000661,0.000538,0.000123,53,735,0,0,4,0,3,1,1,5,0,0,0,4,3,0,Normal,0
21584,0.001708,udp,-,CON,4,4,520,304,4098.360735,31,29,1826697.875,1067915.75,0,0,0.445667,0.203333,0.626025,0.281903,0,0,0,0,0.0,0.0,0.0,130,76,0,0,6,0,4,1,1,4,0,0,0,3,9,0,Normal,0
19357,0.001655,udp,-,CON,4,4,544,304,4229.607176,31,29,1972205.375,1102114.75,0,0,0.428,0.195333,0.599627,0.27059,0,0,0,0,0.0,0.0,0.0,136,76,0,0,9,0,6,1,1,7,0,0,0,3,11,0,Normal,0
38822,0.005488,tcp,-,FIN,18,18,4560,2456,6377.551161,31,29,6278426.0,3381924.25,7,7,0.304235,0.290118,15.062776,0.383679,255,2770158276,629013308,255,0.000724,0.000552,0.000172,253,136,0,0,6,0,5,1,1,4,0,0,0,6,15,0,Normal,0
49470,0.624891,tcp,-,FIN,10,8,564,354,27.204745,254,252,6503.53418,3968.692139,2,1,69.031111,88.182859,5435.591213,138.235656,255,4143430653,1909268081,255,0.051803,0.007601,0.044202,56,44,0,0,1,1,1,1,1,1,0,0,0,1,1,0,Reconnaissance,1
148122,1e-06,etherip,-,INT,2,0,200,0,1000000.003,254,0,800000000.0,0.0,0,0,0.001,0.0,0.0,0.0,0,0,0,0,0.0,0.0,0.0,100,0,0,0,5,2,3,3,3,5,0,0,0,4,5,0,Exploits,1
5382,0.318686,tcp,-,FIN,12,10,3126,443,65.895582,254,252,71945.42188,10016.12891,3,3,28.971454,34.436445,1527.394503,55.045082,255,496914214,3674597131,255,0.050462,0.005867,0.044595,261,44,0,0,2,1,1,1,1,1,0,0,0,1,2,0,Exploits,1
46280,0.816769,tcp,http,FIN,10,10,838,1292,23.262391,62,252,7394.991699,11391.22559,2,2,90.752111,82.143336,6125.766819,121.560648,255,2779320300,3416833356,255,0.121725,0.076813,0.044912,84,129,1,179,1,1,1,1,1,1,0,0,1,26,1,0,Normal,0
171754,8e-06,qnx,-,INT,2,0,200,0,125000.0003,254,0,100000000.0,0.0,0,0,0.008,0.0,0.0,0.0,0,0,0,0,0.0,0.0,0.0,100,0,0,0,7,2,3,3,3,8,0,0,0,4,7,0,Backdoor,1
99093,1e-05,udp,-,INT,2,0,1064,0,100000.0025,254,0,425600000.0,0.0,0,0,0.01,0.0,0.0,0.0,0,0,0,0,0.0,0.0,0.0,532,0,0,0,22,2,7,7,1,22,0,0,0,7,22,0,Fuzzers,1
9878,0.773217,tcp,-,FIN,10,8,564,354,21.986065,254,252,5255.962891,3207.378906,2,1,84.556444,104.932141,6160.971499,144.945312,255,1129113290,3412898408,255,0.071819,0.038683,0.033136,56,44,0,0,1,1,1,1,1,1,0,0,0,1,1,0,Reconnaissance,1
148315,8e-06,udp,dns,INT,2,0,114,0,125000.0003,254,0,57000000.0,0.0,0,0,0.008,0.0,0.0,0.0,0,0,0,0,0.0,0.0,0.0,57,0,0,0,33,2,34,33,16,33,0,0,0,34,33,0,Generic,1
100592,1.16698,tcp,-,FIN,12,10,3052,828,17.995167,254,252,19181.13281,5114.055176,3,2,102.472088,120.977219,6612.351011,193.814687,255,2159824677,3045852219,255,0.144025,0.07818,0.065845,254,83,0,0,2,1,1,1,1,2,0,0,0,1,2,0,Fuzzers,1
58952,2.452886,tcp,-,FIN,40,22,30975,1736,24.868664,62,252,98499.47656,5407.507324,17,8,62.894515,112.044047,4924.363149,161.513656,255,2516754686,3214460797,255,0.163471,0.072759,0.090712,774,79,0,0,1,1,1,1,1,1,0,0,0,1,3,0,Exploits,1
148214,0.410175,tcp,-,FIN,12,14,588,915,60.949595,254,252,10512.58594,16578.28906,3,5,37.288638,29.592769,1956.697509,1778.273459,255,1861378830,1236217961,255,0.037329,0.011143,0.026186,49,65,0,0,1,1,1,1,1,1,0,0,0,1,1,0,Exploits,1
14530,1.309854,tcp,-,FIN,122,126,7814,16912,188.57063,31,29,47333.51953,102472.4844,30,32,11.097492,10.558815,666.019785,651.774513,255,1667004011,3813387885,255,0.000678,0.000558,0.00012,64,134,0,0,4,0,1,1,1,1,0,0,0,2,2,0,Normal,0
60353,54.775833,tcp,-,FIN,20,12,1068,536,0.565943,254,252,148.240555,71.856506,6,1,2882.192158,4973.0495,387992.669,15367.02,255,2769857369,3958597094,255,0.140232,0.072279,0.067953,53,45,0,0,5,1,4,4,3,5,0,0,0,5,5,0,Fuzzers,1
50789,3e-06,unas,-,INT,2,0,200,0,333333.3215,254,0,266666656.0,0.0,0,0,0.003,0.0,0.0,0.0,0,0,0,0,0.0,0.0,0.0,100,0,0,0,7,2,2,2,2,2,0,0,0,6,7,0,Exploits,1
51728,1.628352,tcp,smtp,FIN,84,30,87166,2248,69.395313,62,252,423146.8125,10680.73731,39,8,19.857951,54.180277,1651.205162,64.707785,255,3405982941,2535014644,255,0.128224,0.056394,0.07183,1038,75,0,0,1,1,1,1,1,1,0,0,0,2,1,0,Exploits,1
3936,0.003957,tcp,http,FIN,8,10,1042,824,4296.183874,31,29,1843821.0,1500126.375,2,2,0.515857,0.378556,32.735528,0.674419,255,1880403483,1881411859,255,0.000696,0.000546,0.00015,130,82,1,83,2,0,2,1,1,2,0,0,1,7,3,0,Normal,0
30866,0.000963,udp,dns,CON,2,2,146,178,3115.264802,31,29,606438.1875,739356.1875,0,0,0.009,0.009,0.0,0.0,0,0,0,0,0.0,0.0,0.0,73,89,0,0,3,0,2,1,1,1,0,0,0,4,4,0,Normal,0
60802,1.2e-05,udp,dns,INT,2,0,114,0,83333.33039,254,0,38000000.0,0.0,0,0,0.012,0.0,0.0,0.0,0,0,0,0,0.0,0.0,0.0,57,0,0,0,12,2,3,3,3,3,0,0,0,3,12,0,Generic,1
56047,3e-06,fire,-,INT,2,0,200,0,142857.1409,254,0,114285712.0,0.0,0,0,0.007,0.0,0.0,0.0,0,0,0,0,0.0,0.0,0.0,100,0,0,0,13,2,7,6,6,7,0,0,0,10,11,0,Fuzzers,1
77120,7e-06,udp,-,INT,2,0,818,0,142857.1409,254,0,467428576.0,0.0,0,0,0.007,0.0,0.0,0.0,0,0,0,0,0.0,0.0,0.0,409,0,0,0,1,2,1,1,1,2,0,0,0,1,1,0,Exploits,1
84570,1.153328,tcp,-,FIN,10,8,498,354,14.739953,254,252,3114.465332,2150.299072,2,1,123.926222,143.769,7942.917472,200.215094,255,2647200500,736359537,255,0.233621,0.146944,0.086677,50,44,0,0,6,1,3,3,3,6,0,0,0,3,6,0,Normal,0
16065,0.346786,tcp,-,FIN,16,18,1540,1644,95.159553,31,29,33311.60938,35826.12891,4,4,23.0976,20.370471,1442.379651,40.51291,255,2054620742,4224887562,255,0.000598,0.000487,0.000111,96,91,0,0,11,0,6,6,1,7,0,0,0,7,14,0,Normal,0
38331,0.001011,udp,dns,CON,2,2,132,164,2967.359007,31,29,522255.1875,648862.5,0,0,0.009,0.006,0.0,0.0,0,0,0,0,0.0,0.0,0.0,66,82,0,0,1,0,2,1,1,1,0,0,0,5,1,0,Normal,0
72342,3.107327,tcp,smtp,FIN,28,20,11479,1740,15.12554,62,252,28500.38086,4255.748047,11,8,115.086187,157.292266,7444.31102,231.891109,255,1580593164,3580695110,255,0.209123,0.118024,0.091099,410,87,0,0,1,1,1,1,1,1,0,0,0,1,1,0,Exploits,1
20628,0.00572,tcp,-,FIN,22,24,1920,4312,7867.133166,31,29,2563636.5,5780420.0,6,6,0.255905,0.223348,16.045428,12.85508,255,2489952220,340676455,255,0.000694,0.000574,0.00012,87,180,0,0,1,0,2,1,1,1,0,0,0,1,6,0,Normal,0
34465,0.69553,tcp,-,FIN,30,14,26382,764,61.823358,254,252,293336.0313,8166.434082,12,4,23.948863,49.72177,1809.625539,60.31527,255,3388485162,3225955500,255,0.105984,0.049139,0.056845,879,55,0,0,5,1,1,1,1,4,0,0,0,1,4,0,Normal,0
152861,6e-06,udp,dns,INT,2,0,114,0,166666.6608,254,0,76000000.0,0.0,0,0,0.006,0.0,0.0,0.0,0,0,0,0,0.0,0.0,0.0,57,0,0,0,29,2,17,17,17,29,0,0,0,17,29,0,Generic,1
41692,0.806853,tcp,-,FIN,34,10,34230,440,53.293475,254,252,329418.125,3926.365723,14,1,23.521242,79.071219,2052.741328,109.103898,255,1069728243,3923367549,255,0.225718,0.095203,0.130515,1007,44,0,0,6,1,1,1,1,5,0,0,0,1,6,0,Normal,0
20950,0.021572,tcp,-,FIN,48,50,2958,32642,4496.569749,31,29,1074355.625,11863527.0,7,18,0.461826,0.439458,29.175083,27.320184,255,2101029063,2119916551,255,0.000599,0.000475,0.000124,62,653,0,0,3,0,3,1,1,1,0,0,0,2,2,0,Normal,0
34904,1.264699,tcp,http,FIN,14,18,1684,10168,24.511762,31,29,9893.263672,60751.21484,3,5,97.258536,74.366412,8896.049172,7791.711883,255,3921363238,1819155567,255,0.000589,0.000467,0.000122,120,565,1,3924,1,0,10,1,1,2,0,0,1,3,3,0,Normal,0
30317,0.001121,udp,dns,CON,2,2,130,162,2676.181891,31,29,463871.5313,578055.3125,0,0,0.009,0.007,0.0,0.0,0,0,0,0,0.0,0.0,0.0,65,81,0,0,2,0,3,1,1,3,0,0,0,4,3,0,Normal,0
141089,8e-06,udp,dns,INT,2,0,114,0,125000.0003,254,0,57000000.0,0.0,0,0,0.008,0.0,0.0,0.0,0,0,0,0,0.0,0.0,0.0,57,0,0,0,31,2,7,7,7,31,0,0,0,7,31,0,Generic,1
41703,1.613689,tcp,-,FIN,10,8,534,354,10.534868,254,252,2384.598389,1536.851318,2,1,174.179778,219.058281,10476.32237,320.907656,255,1914107866,1109007343,255,0.188819,0.080272,0.108547,53,44,0,0,2,1,1,1,1,1,0,0,0,2,1,0,Normal,0
70518,0.359017,tcp,-,FIN,10,6,1612,268,41.78075,254,252,32332.72852,4991.406738,2,1,35.858,59.917398,1817.332901,77.011922,255,1044593631,3037130362,255,0.103789,0.059422,0.044367,161,45,0,0,5,1,1,1,1,5,0,0,0,1,5,0,Normal,0
125463,9e-06,udp,dns,INT,2,0,114,0,111111.1072,254,0,50666664.0,0.0,0,0,0.009,0.0,0.0,0.0,0,0,0,0,0.0,0.0,0.0,57,0,0,0,16,2,17,16,16,16,0,0,0,17,16,0,Generic,1
7877,0.184211,tcp,-,FIN,16,18,1272,2572,179.142396,31,29,51810.15234,105531.1563,4,4,12.257266,10.800294,794.171088,21.09048,255,1167750613,1168047431,255,0.00074,0.000598,0.000142,80,143,0,0,11,0,3,1,1,1,0,0,0,4,5,0,Normal,0
135094,3e-06,rsvp,-,INT,2,0,200,0,333333.3215,254,0,266666656.0,0.0,0,0,0.003,0.0,0.0,0.0,0,0,0,0,0.0,0.0,0.0,100,0,0,0,4,2,2,2,2,4,0,0,0,3,4,0,Backdoor,1
28543,0.001129,udp,dns,CON,2,2,146,178,2657.21882,31,29,517271.9375,630646.625,0,0,0.008,0.007,0.0,0.0,0,0,0,0,0.0,0.0,0.0,73,89,0,0,4,0,3,2,1,4,0,0,0,7,2,0,Normal,0
37883,0.320718,tcp,smtp,FIN,54,42,37808,3380,296.210387,31,29,925623.1875,82315.30469,19,8,6.161192,7.809585,635.07225,21.58865,255,1097076193,3243483582,255,0.000648,0.00052,0.000128,700,80,0,0,1,0,2,1,1,1,0,0,0,2,1,0,Normal,0
123857,9e-06,udp,dns,INT,2,0,114,0,111111.1072,254,0,50666664.0,0.0,0,0,0.009,0.0,0.0,0.0,0,0,0,0,0.0,0.0,0.0,57,0,0,0,16,2,16,16,16,16,0,0,0,16,16,0,Generic,1
134555,8e-06,udp,dns,INT,2,0,114,0,125000.0003,254,0,57000000.0,0.0,0,0,0.008,0.0,0.0,0.0,0,0,0,0,0.0,0.0,0.0,57,0,0,0,30,2,30,30,12,30,0,0,0,31,30,0,Generic,1
103687,0.618112,tcp,-,FIN,10,8,534,354,27.503105,254,252,6225.408691,4012.217773,2,1,57.782667,81.344859,3711.586919,119.187508,255,3223708355,1335011993,255,0.139545,0.048697,0.090848,53,44,0,0,5,1,2,2,1,5,0,0,0,2,5,0,Fuzzers,1
159570,4e-06,udp,dns,INT,2,0,114,0,250000.0006,254,0,114000000.0,0.0,0,0,0.004,0.0,0.0,0.0,0,0,0,0,0.0,0.0,0.0,57,0,0,0,33,2,33,33,16,33,0,0,0,33,33,0,Generic,1
36986,1.1e-05,udp,-,INT,2,0,1064,0,90909.0902,254,0,386909088.0,0.0,0,0,0.011,0.0,0.0,0.0,0,0,0,0,0.0,0.0,0.0,532,0,0,0,29,2,8,8,1,29,0,0,0,8,29,0,Normal,0
167782,9e-06,udp,dns,INT,2,0,114,0,111111.1072,254,0,50666664.0,0.0,0,0,0.009,0.0,0.0,0.0,0,0,0,0,0.0,0.0,0.0,57,0,0,0,33,2,18,17,17,33,0,0,0,18,33,0,Generic,1
64250,1.2e-05,udp,dns,INT,2,0,114,0,83333.33039,254,0,38000000.0,0.0,0,0,0.012,0.0,0.0,0.0,0,0,0,0,0.0,0.0,0.0,57,0,0,0,11,2,3,3,3,3,0,0,0,3,11,0,Generic,1
132646,3e-06,udp,dns,INT,2,0,114,0,333333.3215,254,0,152000000.0,0.0,0,0,0.003,0.0,0.0,0.0,0,0,0,0,0.0,0.0,0.0,57,0,0,0,29,2,11,11,11,29,0,0,0,11,29,0,Generic,1
56611,6e-06,unas,-,INT,2,0,200,0,166666.6608,254,0,133333328.0,0.0,0,0,0.006,0.0,0.0,0.0,0,0,0,0,0.0,0.0,0.0,100,0,0,0,2,2,1,1,1,2,0,0,0,1,2,0,Reconnaissance,1
9192,1e-05,udp,-,INT,2,0,924,0,100000.0025,254,0,369600000.0,0.0,0,0,0.01,0.0,0.0,0.0,0,0,0,0,0.0,0.0,0.0,462,0,0,0,1,2,1,1,1,1,0,0,0,2,1,0,Exploits,1
76304,3e-06,udp,-,INT,2,0,168,0,333333.3215,254,0,224000000.0,0.0,0,0,0.003,0.0,0.0,0.0,0,0,0,0,0.0,0.0,0.0,84,0,0,0,1,2,2,1,1,1,0,0,0,1,6,0,Reconnaissance,1
175013,6e-06,udp,dns,INT,2,0,114,0,166666.6608,254,0,76000000.0,0.0,0,0,0.006,0.0,0.0,0.0,0,0,0,0,0.0,0.0,0.0,57,0,0,0,19,2,19,19,10,19,0,0,0,19,19,0,Generic,1
106487,3e-06,unas,-,INT,2,0,200,0,333333.3215,254,0,266666656.0,0.0,0,0,0.003,0.0,0.0,0.0,0,0,0,0,0.0,0.0,0.0,100,0,0,0,5,2,4,4,4,5,0,0,0,6,5,0,DoS,1
32706,0.223469,tcp,ftp-data,FIN,14,6,8928,320,85.022977,31,29,296810.75,9558.373047,4,1,17.189922,44.568199,1584.612413,67.905914,255,3814838729,1776199828,255,0.000632,0.000495,0.000137,638,53,0,0,2,0,7,1,1,3,0,0,0,6,2,0,Normal,0
69948,9e-06,irtp,-,INT,2,0,200,0,111111.1072,254,0,88888888.0,0.0,0,0,0.009,0.0,0.0,0.0,0,0,0,0,0.0,0.0,0.0,100,0,0,0,13,2,4,4,4,13,0,0,0,5,13,0,Reconnaissance,1
29684,2.376056,tcp,ftp,FIN,52,54,2934,3742,44.190878,31,29,9690.007812,12366.71191,11,15,46.574822,44.809906,3330.22249,103.883172,255,975900005,3148544457,255,0.001244,0.001127,0.000117,56,69,0,0,2,0,3,1,1,5,1,1,0,5,1,0,Normal,0
73420,58.737652,ospf,-,INT,34,0,3672,0,0.56182,254,0,485.412659,0.0,0,0,1779.929,0.0,1999.1395,0.0,0,0,0,0,0.0,0.0,0.0,108,0,0,0,2,2,1,2,1,1,0,0,0,2,1,0,Exploits,1
56141,1.1e-05,udp,dns,INT,2,0,114,0,90909.0902,254,0,41454544.0,0.0,0,0,0.011,0.0,0.0,0.0,0,0,0,0,0.0,0.0,0.0,57,0,0,0,17,2,3,3,3,3,0,0,0,3,17,0,Generic,1
39724,11.274107,tcp,-,FIN,256,248,33170,48220,44.615507,31,29,23445.58203,34078.79688,68,68,44.212184,45.641372,3138.930355,3191.455123,255,1265284430,1265584403,255,0.000673,0.000551,0.000122,130,194,0,0,3,0,3,1,1,1,0,0,0,3,3,0,Normal,0
14495,9e-06,udp,dns,INT,2,0,114,0,111111.1072,254,0,50666664.0,0.0,0,0,0.009,0.0,0.0,0.0,0,0,0,0,0.0,0.0,0.0,57,0,0,0,43,2,43,43,18,43,0,0,0,44,43,0,Generic,1
44053,1.820325,tcp,ftp,FIN,14,12,820,682,13.733811,254,252,3348.852539,2751.156982,4,4,137.205841,150.762547,7391.285066,197.133172,255,3776140287,1833028532,255,0.360535,0.161936,0.198599,59,57,0,0,1,1,1,1,1,1,0,0,0,1,1,0,Fuzzers,1
118287,12.853813,ospf,-,INT,42,0,2184,0,3.189715,254,0,1326.921387,0.0,0,0,313.507625,0.0,340.910781,0.0,0,0,0,0,0.0,0.0,0.0,52,0,0,0,1,2,1,1,1,1,0,0,0,4,1,0,Reconnaissance,1
26473,1.010641,tcp,http,FIN,14,18,1684,10168,30.673603,31,29,12380.26172,76023.03906,3,5,77.714769,59.416824,8783.563726,7691.369806,255,1132605485,3283621655,255,0.000702,0.000549,0.000153,120,565,1,3924,2,0,1,1,1,1,0,0,1,1,3,0,Normal,0
90501,1.19991,tcp,ftp,FIN,20,22,1076,1660,34.169228,62,252,6820.51123,10567.45898,7,9,63.09937,54.927094,3528.006919,3245.386663,255,3817716358,710786880,255,0.096437,0.046432,0.050005,54,75,0,0,1,1,2,1,1,2,1,1,0,2,1,0,Exploits,1
116202,9e-06,scps,-,INT,2,0,200,0,111111.1072,254,0,88888888.0,0.0,0,0,0.009,0.0,0.0,0.0,0,0,0,0,0.0,0.0,0.0,100,0,0,0,4,2,2,2,2,4,0,0,0,3,4,0,DoS,1
133362,9e-06,udp,dns,INT,2,0,114,0,111111.1072,254,0,50666664.0,0.0,0,0,0.009,0.0,0.0,0.0,0,0,0,0,0.0,0.0,0.0,57,0,0,0,5,2,5,5,5,5,0,0,0,5,5,0,Generic,1
37267,0.349285,tcp,ftp-data,FIN,14,6,8928,320,54.396838,31,29,189896.5,6115.349609,4,1,26.868077,69.726797,2151.903882,85.473078,255,4149763099,2374930200,255,0.000628,0.000498,0.00013,638,53,0,0,3,0,5,1,1,3,0,0,0,3,6,0,Normal,0
39930,0.000993,udp,dns,CON,2,2,130,162,3021.148054,31,29,523665.6563,652568.0,0,0,0.005,0.007,0.0,0.0,0,0,0,0,0.0,0.0,0.0,65,81,0,0,3,0,1,1,1,2,0,0,0,3,2,0,Normal,0
11931,0.403779,tcp,-,FIN,28,30,5048,3080,141.166331,31,29,96448.79688,59002.57422,7,7,14.939259,13.905379,852.070366,21.84142,255,541709518,2766170030,255,0.000653,0.00052,0.000133,180,103,0,0,7,0,2,1,1,3,0,0,0,2,8,0,Normal,0
26934,0.112904,tcp,-,FIN,60,62,3614,50036,1071.706962,31,29,251824.5625,3488202.5,7,24,1.908203,1.840852,104.329044,100.864249,255,2309332324,160070769,255,0.000729,0.000603,0.000126,60,807,0,0,5,0,7,1,1,2,0,0,0,7,7,0,Normal,0
139765,7e-06,udp,dns,INT,2,0,114,0,142857.1409,254,0,65142856.0,0.0,0,0,0.007,0.0,0.0,0.0,0,0,0,0,0.0,0.0,0.0,57,0,0,0,5,2,5,5,5,5,0,0,0,7,5,0,Generic,1
35662,0.03599,udp,-,CON,4,4,528,304,194.498473,31,29,88024.45313,50680.74609,0,0,7.007,7.630667,9.895959,10.787149,0,0,0,0,0.0,0.0,0.0,132,76,0,0,5,0,5,1,1,4,0,0,0,5,7,0,Normal,0
155452,5e-06,udp,dns,INT,2,0,114,0,200000.0051,254,0,91200000.0,0.0,0,0,0.005,0.0,0.0,0.0,0,0,0,0,0.0,0.0,0.0,57,0,0,0,17,2,17,17,17,17,0,0,0,17,17,0,Generic,1
93883,1.066136,tcp,http,FIN,10,8,566,354,15.945433,254,252,3826.903809,2326.157227,2,1,112.714444,141.713859,6469.293312,242.301578,255,1747132091,2732113945,255,0.141359,0.074134,0.067225,57,44,1,0,2,1,1,2,1,1,0,0,1,20,1,0,Fuzzers,1
141813,3e-06,udp,dns,INT,2,0,114,0,333333.3215,254,0,152000000.0,0.0,0,0,0.003,0.0,0.0,0.0,0,0,0,0,0.0,0.0,0.0,57,0,0,0,27,2,16,16,16,27,0,0,0,16,27,0,Generic,1
158076,3e-06,udp,dns,INT,2,0,114,0,333333.3215,254,0,152000000.0,0.0,0,0,0.003,0.0,0.0,0.0,0,0,0,0,0.0,0.0,0.0,57,0,0,0,2,2,2,2,2,2,0,0,0,3,2,0,Generic,1
66856,0.505496,tcp,-,FIN,10,6,608,268,29.673824,254,252,8672.669922,3545.032715,2,1,49.391556,87.923602,2537.566775,109.983945,255,2804721545,1878619906,255,0.128393,0.06587,0.062523,61,45,0,0,7,1,1,1,1,7,0,0,0,2,8,0,Normal,0
173552,4e-06,udp,dns,INT,2,0,114,0,250000.0006,254,0,114000000.0,0.0,0,0,0.004,0.0,0.0,0.0,0,0,0,0,0.0,0.0,0.0,57,0,0,0,26,2,26,26,15,26,0,0,0,26,26,0,Generic,1
137621,5e-06,udp,dns,INT,2,0,114,0,200000.0051,254,0,91200000.0,0.0,0,0,0.005,0.0,0.0,0.0,0,0,0,0,0.0,0.0,0.0,57,0,0,0,33,2,16,16,16,33,0,0,0,16,33,0,Generic,1
154797,3e-06,unas,-,INT,2,0,200,0,333333.3215,254,0,266666656.0,0.0,0,0,0.003,0.0,0.0,0.0,0,0,0,0,0.0,0.0,0.0,100,0,0,0,7,2,3,3,3,7,0,0,0,4,7,0,DoS,1
171650,9e-06,udp,dns,INT,2,0,114,0,111111.1072,254,0,50666664.0,0.0,0,0,0.009,0.0,0.0,0.0,0,0,0,0,0.0,0.0,0.0,57,0,0,0,23,2,23,23,12,23,0,0,0,25,23,0,Generic,1
32782,1.301883,tcp,ftp,FIN,52,54,2934,3742,80.65241,31,29,17685.15234,22570.38477,11,15,25.520962,24.55483,1828.369866,62.576117,255,2596718963,2679821463,255,0.000606,0.000473,0.000133,56,69,0,0,1,0,4,1,1,3,1,1,0,4,2,0,Normal,0
7752,0.003991,tcp,http,FIN,8,10,1052,824,4259.584183,31,29,1846153.875,1487346.625,2,2,0.520143,0.382333,32.637576,0.688618,255,459877434,460886347,255,0.000721,0.000545,0.000176,132,82,1,83,1,0,9,1,1,1,0,0,1,8,1,0,Normal,0
64976,5.293468,tcp,-,FIN,10,8,534,354,3.211505,254,252,726.933655,468.501923,2,1,588.163111,731.184687,37481.17174,1145.633625,255,2068995553,3082173792,255,0.262986,0.159713,0.103273,53,44,0,0,4,1,2,1,1,1,0,0,0,1,4,0,Fuzzers,1
113865,0.0,arp,-,INT,1,0,46,0,0.0,0,0,0.0,0.0,0,0,60000.72,0.0,10.954517,0.0,0,0,0,0,0.0,0.0,0.0,46,0,0,0,2,2,2,2,2,2,0,0,0,2,2,1,Normal,0
123690,3e-06,unas,-,INT,2,0,200,0,333333.3215,254,0,266666656.0,0.0,0,0,0.003,0.0,0.0,0.0,0,0,0,0,0.0,0.0,0.0,100,0,0,0,6,2,3,3,3,6,0,0,0,8,6,0,Backdoor,1
124528,3e-06,udp,dns,INT,2,0,114,0,333333.3215,254,0,152000000.0,0.0,0,0,0.003,0.0,0.0,0.0,0,0,0,0,0.0,0.0,0.0,57,0,0,0,29,2,17,17,17,29,0,0,0,18,29,0,Generic,1
50326,4e-06,udp,dns,INT,2,0,114,0,250000.0006,254,0,114000000.0,0.0,0,0,0.004,0.0,0.0,0.0,0,0,0,0,0.0,0.0,0.0,57,0,0,0,4,2,5,4,4,4,0,0,0,4,4,0,Generic,1
34169,0.001127,udp,dns,CON,2,2,130,162,2661.934417,31,29,461401.9688,574977.8125,0,0,0.01,0.007,0.0,0.0,0,0,0,0,0.0,0.0,0.0,65,81,0,0,3,0,2,1,1,1,0,0,0,2,3,0,Normal,0
163942,3e-06,udp,dns,INT,2,0,114,0,333333.3215,254,0,152000000.0,0.0,0,0,0.003,0.0,0.0,0.0,0,0,0,0,0.0,0.0,0.0,57,0,0,0,31,2,16,16,16,31,0,0,0,17,31,0,Generic,1
141521,5e-06,udp,dns,INT,2,0,114,0,200000.0051,254,0,91200000.0,0.0,0,0,0.005,0.0,0.0,0.0,0,0,0,0,0.0,0.0,0.0,57,0,0,0,27,2,16,16,16,27,0,0,0,17,27,0,Generic,1
166737,4.153977,tcp,http,FIN,48,260,3168,333188,73.905081,62,252,5974.03418,639208.1875,2,127,88.382486,15.651482,6438.242008,2246.117342,255,2134882416,2136399964,255,0.194685,0.099476,0.095209,66,1281,1,160986,1,1,1,1,1,1,0,0,1,15,1,0,Generic,1
168812,9e-06,udp,dns,INT,2,0,114,0,111111.1072,254,0,50666664.0,0.0,0,0,0.009,0.0,0.0,0.0,0,0,0,0,0.0,0.0,0.0,57,0,0,0,32,2,16,16,16,32,0,0,0,16,32,0,Generic,1
34913,0.882613,tcp,ftp,FIN,52,54,2934,3742,118.964937,31,29,26086.17773,33292.05469,11,15,17.299843,16.642604,1430.429105,52.889863,255,3031245572,3032237137,255,0.000704,0.000551,0.000153,56,69,0,0,1,0,3,1,1,3,1,1,0,5,1,0,Normal,0
56730,1.098791,tcp,http,FIN,10,12,874,4246,19.111915,62,252,5729.934082,28343.87891,2,3,122.087889,91.125273,7420.734951,5990.073602,255,3845933855,1689222501,255,0.190201,0.095654,0.094547,87,354,1,1618,1,1,1,1,1,1,0,0,1,18,1,0,Exploits,1
85278,1.191287,tcp,-,FIN,10,6,534,268,12.591424,254,252,3230.119873,1504.255371,2,1,129.069889,205.989,7819.087797,360.508188,255,2164811232,1288812707,255,0.223081,0.161332,0.061749,53,45,0,0,1,1,1,1,1,1,0,0,0,1,1,0,Fuzzers,1
17031,0.001064,udp,dns,CON,2,2,146,178,2819.548997,31,29,548872.1875,669172.9375,0,0,0.009,0.007,0.0,0.0,0,0,0,0,0.0,0.0,0.0,73,89,0,0,3,0,4,3,2,3,0,0,0,6,3,0,Normal,0
7918,3e-06,unas,-,INT,2,0,200,0,333333.3215,254,0,266666656.0,0.0,0,0,0.003,0.0,0.0,0.0,0,0,0,0,0.0,0.0,0.0,100,0,0,0,8,2,5,4,4,8,0,0,0,13,8,0,DoS,1
17015,9e-06,udp,dns,INT,2,0,114,0,111111.1072,254,0,50666664.0,0.0,0,0,0.009,0.0,0.0,0.0,0,0,0,0,0.0,0.0,0.0,57,0,0,0,28,2,19,18,18,29,0,0,0,19,28,0,Generic,1
79334,2.293881,tcp,ftp,FIN,14,12,700,682,10.89856,254,252,2266.900635,2183.199707,4,4,171.128918,200.867813,12776.02091,389.262313,255,3096322440,4041155293,255,0.173331,0.084328,0.089003,50,57,0,0,1,1,1,1,1,1,0,0,0,1,1,0,Normal,0
47050,2e-06,udp,-,INT,2,0,168,0,500000.0013,254,0,336000000.0,0.0,0,0,0.002,0.0,0.0,0.0,0,0,0,0,0.0,0.0,0.0,84,0,0,0,1,2,1,1,1,1,0,0,0,1,1,0,Reconnaissance,1
57449,5e-06,udp,dns,INT,2,0,114,0,200000.0051,254,0,91200000.0,0.0,0,0,0.005,0.0,0.0,0.0,0,0,0,0,0.0,0.0,0.0,57,0,0,0,12,2,7,7,4,7,0,0,0,7,12,0,Generic,1
119532,9e-06,isis,-,INT,2,0,200,0,111111.1072,254,0,88888888.0,0.0,0,0,0.009,0.0,0.0,0.0,0,0,0,0,0.0,0.0,0.0,100,0,0,0,6,2,2,2,2,6,0,0,0,3,6,0,Exploits,1
66735,0.507177,tcp,-,FIN,10,6,596,268,29.575474,254,252,8470.416016,3533.283203,2,1,49.817222,87.604,2586.144403,128.982297,255,481284493,2393141569,255,0.131782,0.069154,0.062628,60,45,0,0,5,1,4,3,1,5,0,0,0,3,8,0,Normal,0
92244,1e-05,micp,-,INT,2,0,200,0,100000.0025,254,0,80000000.0,0.0,0,0,0.01,0.0,0.0,0.0,0,0,0,0,0.0,0.0,0.0,100,0,0,0,9,2,5,4,4,11,0,0,0,5,9,0,DoS,1
17667,3e-06,udp,dns,INT,2,0,114,0,333333.3215,254,0,152000000.0,0.0,0,0,0.003,0.0,0.0,0.0,0,0,0,0,0.0,0.0,0.0,57,0,0,0,35,2,10,10,10,35,0,0,0,10,35,0,Generic,1
30913,0.685631,tcp,ftp,FIN,52,54,2934,3742,153.143606,31,29,33580.74609,42856.875,11,15,13.437157,12.926434,1367.846663,52.135164,255,3867090867,1718583375,255,0.000669,0.000526,0.000143,56,69,0,0,2,0,2,1,1,1,1,1,0,3,1,0,Normal,0
86716,4e-06,ptp,-,INT,2,0,200,0,250000.0006,254,0,200000000.0,0.0,0,0,0.004,0.0,0.0,0.0,0,0,0,0,0.0,0.0,0.0,100,0,0,0,8,2,6,5,5,10,0,0,0,6,8,0,DoS,1
154181,9e-06,udp,dns,INT,2,0,114,0,111111.1072,254,0,50666664.0,0.0,0,0,0.009,0.0,0.0,0.0,0,0,0,0,0.0,0.0,0.0,57,0,0,0,33,2,17,16,16,33,0,0,0,16,33,0,Generic,1
55395,4e-06,udp,-,INT,2,0,1162,0,250000.0006,254,0,1162000000.0,0.0,0,0,0.004,0.0,0.0,0.0,0,0,0,0,0.0,0.0,0.0,581,0,0,0,28,2,10,10,1,28,0,0,0,10,28,0,Fuzzers,1
40432,0.453059,tcp,http,FIN,10,8,802,1086,37.522708,62,252,12748.8916,16792.51563,2,2,50.339889,54.207855,2589.342271,72.302781,255,1188585105,767238270,255,0.098734,0.072887,0.025847,80,136,1,140,5,1,2,2,1,5,0,0,1,2,5,0,Normal,0
74171,2.280738,tcp,http,FIN,10,10,816,1222,8.330636,62,252,2578.112793,3858.400146,2,2,253.415333,244.652781,18088.7923,387.169656,255,3735697304,743961442,255,0.121356,0.055031,0.066325,82,122,1,166,1,1,1,1,1,1,0,0,1,1,1,0,Normal,0
146650,9e-06,udp,dns,INT,2,0,114,0,111111.1072,254,0,50666664.0,0.0,0,0,0.009,0.0,0.0,0.0,0,0,0,0,0.0,0.0,0.0,57,0,0,0,38,2,20,20,9,38,0,0,0,21,38,0,Generic,1
59658,5e-06,unas,-,INT,2,0,200,0,200000.0051,254,0,160000000.0,0.0,0,0,0.005,0.0,0.0,0.0,0,0,0,0,0.0,0.0,0.0,100,0,0,0,5,2,2,2,2,5,0,0,0,2,5,0,Exploits,1
75730,0.268823,tcp,-,CON,6,2,978,86,26.039439,62,252,24253.87695,1279.652466,2,1,53.7646,0.008,3199.890664,0.0,255,3065819732,3123017964,255,0.221239,0.111633,0.109606,163,43,0,0,5,3,2,2,1,4,0,0,0,3,4,0,Normal,0
44356,1.600236,tcp,ftp,FIN,12,12,634,682,14.372879,254,252,2909.570801,3129.53833,3,4,145.390903,141.553094,10046.32299,272.067219,255,1755973900,2246546995,255,0.08016,0.043148,0.037012,53,57,0,0,2,1,4,1,1,4,0,0,0,4,2,0,Fuzzers,1
55527,1.1e-05,udp,dns,INT,2,0,114,0,90909.0902,254,0,41454544.0,0.0,0,0,0.011,0.0,0.0,0.0,0,0,0,0,0.0,0.0,0.0,57,0,0,0,16,2,6,6,3,6,0,0,0,6,16,0,Generic,1
152183,3e-06,udp,dns,INT,2,0,114,0,333333.3215,254,0,152000000.0,0.0,0,0,0.003,0.0,0.0,0.0,0,0,0,0,0.0,0.0,0.0,57,0,0,0,17,2,17,17,17,17,0,0,0,18,17,0,Generic,1
51180,1.3e-05,udp,dns,INT,2,0,114,0,76923.07779,254,0,35076924.0,0.0,0,0,0.013,0.0,0.0,0.0,0,0,0,0,0.0,0.0,0.0,57,0,0,0,16,2,7,7,4,7,0,0,0,8,16,0,Generic,1
118534,9e-06,udp,dns,INT,2,0,114,0,111111.1072,254,0,50666664.0,0.0,0,0,0.009,0.0,0.0,0.0,0,0,0,0,0.0,0.0,0.0,57,0,0,0,30,2,12,12,12,30,0,0,0,12,30,0,Generic,1
10913,0.038832,tcp,smtp,FIN,52,42,37372,3380,2394.931929,31,29,7551297.5,679851.625,18,8,0.771286,0.935512,53.815091,2.36898,255,3474057080,1329708220,255,0.000594,0.000472,0.000122,719,80,0,0,1,0,2,1,1,1,0,0,0,3,1,0,Normal,0
33076,8.230584,tcp,-,FIN,458,858,25680,1094788,159.769948,31,29,24906.13086,1062877.625,38,390,18.009344,9.603366,9039.140116,6613.382151,255,3973412737,1839288376,255,0.000616,0.000496,0.00012,56,1276,0,0,6,0,2,2,1,6,0,0,0,2,12,0,Normal,0
138372,0.899349,tcp,-,FIN,30,12,24506,642,45.588533,254,252,210730.2188,5239.345703,12,3,30.981484,74.46282,2202.880196,92.676477,255,1600472694,3530806822,255,0.134673,0.080257,0.054416,817,54,0,0,5,1,1,1,1,5,0,0,0,1,5,0,Fuzzers,1
16770,1e-05,udp,dns,INT,2,0,114,0,100000.0025,254,0,45600000.0,0.0,0,0,0.01,0.0,0.0,0.0,0,0,0,0,0.0,0.0,0.0,57,0,0,0,39,2,18,18,18,39,0,0,0,18,39,0,Generic,1
23114,9e-06,udp,dns,INT,2,0,114,0,111111.1072,254,0,50666664.0,0.0,0,0,0.009,0.0,0.0,0.0,0,0,0,0,0.0,0.0,0.0,57,0,0,0,9,2,9,9,9,9,0,0,0,9,9,0,Generic,1
64661,0.706035,tcp,-,FIN,10,8,1038,354,24.078126,254,252,10594.375,3512.57373,2,1,78.145111,93.368,4061.210837,176.831734,255,3583067420,2950096415,255,0.157936,0.052453,0.105483,104,44,0,0,1,1,1,1,1,1,0,0,0,1,1,0,Exploits,1
73134,0.214626,tcp,http,FIN,10,6,1636,268,69.889016,254,252,54904.8125,8349.408203,2,1,23.847333,41.218199,1136.051631,61.688105,255,1297430966,1489868428,255,0.054174,0.007783,0.046391,164,45,1,0,2,1,1,1,1,1,0,0,1,1,1,0,Exploits,1
174835,6e-06,udp,dns,INT,2,0,114,0,166666.6608,254,0,76000000.0,0.0,0,0,0.006,0.0,0.0,0.0,0,0,0,0,0.0,0.0,0.0,57,0,0,0,15,2,15,15,15,15,0,0,0,16,15,0,Generic,1
74711,1.032851,cbt,-,INT,4,0,360,0,2.904582,254,0,2091.298828,0.0,0,0,344.283656,0.0,486.880031,0.0,0,0,0,0,0.0,0.0,0.0,90,0,0,0,10,2,11,10,10,10,0,0,0,10,10,0,Exploits,1
146335,9e-06,udp,dns,INT,2,0,114,0,111111.1072,254,0,50666664.0,0.0,0,0,0.009,0.0,0.0,0.0,0,0,0,0,0.0,0.0,0.0,57,0,0,0,28,2,18,18,18,28,0,0,0,18,28,0,Generic,1
24567,0.098113,tcp,-,FIN,22,24,2054,2478,458.654815,31,29,159897.2656,193654.25,6,6,4.655381,4.238739,410.244066,391.036744,255,3982163355,1837691037,255,0.000728,0.000589,0.000139,93,103,0,0,6,0,1,1,1,1,0,0,0,1,3,0,Normal,0
7420,8e-06,br-sat-mon,-,INT,2,0,200,0,125000.0003,254,0,100000000.0,0.0,0,0,0.008,0.0,0.0,0.0,0,0,0,0,0.0,0.0,0.0,100,0,0,0,4,2,2,2,2,4,0,0,0,10,4,0,DoS,1
1222,0.834822,tcp,-,FIN,16,18,1540,1644,39.529385,31,29,13837.68066,14882.21484,4,4,55.633066,49.07359,4456.048993,137.629969,255,689552743,2932415705,255,0.00069,0.00057,0.00012,96,91,0,0,12,0,21,10,1,7,0,0,0,11,19,0,Normal,0
62398,1e-05,udp,-,INT,2,0,1534,0,100000.0025,254,0,613600000.0,0.0,0,0,0.01,0.0,0.0,0.0,0,0,0,0,0.0,0.0,0.0,767,0,0,0,5,2,2,1,1,2,0,0,0,1,2,0,Normal,0
76991,1.1e-05,udp,-,INT,2,0,2020,0,90909.0902,254,0,734545472.0,0.0,0,0,0.011,0.0,0.0,0.0,0,0,0,0,0.0,0.0,0.0,1010,0,0,0,6,2,3,3,1,6,0,0,0,4,7,0,Normal,0
15248,0.225096,tcp,ftp-data,FIN,8,12,424,8824,84.408429,31,29,13185.48535,287486.2188,1,4,32.110142,20.422091,2171.44241,1709.778762,255,2064555895,4276498978,255,0.000582,0.00045,0.000132,53,735,0,0,3,0,4,1,1,5,0,0,0,3,3,0,Normal,0
42169,9e-06,udp,-,INT,2,0,1064,0,111111.1072,254,0,472888864.0,0.0,0,0,0.009,0.0,0.0,0.0,0,0,0,0,0.0,0.0,0.0,532,0,0,0,34,2,13,13,1,34,0,0,0,13,34,0,Normal,0
50890,2e-06,udp,dns,INT,2,0,114,0,500000.0013,254,0,228000000.0,0.0,0,0,0.002,0.0,0.0,0.0,0,0,0,0,0.0,0.0,0.0,57,0,0,0,5,2,3,3,3,3,0,0,0,3,5,0,Generic,1
132802,4e-06,udp,dns,INT,2,0,114,0,250000.0006,254,0,114000000.0,0.0,0,0,0.004,0.0,0.0,0.0,0,0,0,0,0.0,0.0,0.0,57,0,0,0,16,2,16,16,16,16,0,0,0,17,16,0,Generic,1
135579,9e-06,udp,dns,INT,2,0,114,0,111111.1072,254,0,50666664.0,0.0,0,0,0.009,0.0,0.0,0.0,0,0,0,0,0.0,0.0,0.0,57,0,0,0,28,2,18,18,18,28,0,0,0,19,28,0,Generic,1
64362,0.393077,tcp,http,FIN,10,12,806,6882,53.424649,62,252,14775.73145,128402.3281,2,4,43.675222,26.43791,2144.99826,1963.146968,255,3081857810,2160717202,255,0.100448,0.03447,0.065978,81,574,0,0,1,1,1,1,1,1,0,0,0,1,1,0,Exploits,1
136652,9e-06,udp,dns,INT,2,0,114,0,111111.1072,254,0,50666664.0,0.0,0,0,0.009,0.0,0.0,0.0,0,0,0,0,0.0,0.0,0.0,57,0,0,0,20,2,17,17,17,20,0,0,0,19,20,0,Generic,1
83052,2.393439,tcp,-,FIN,26,60,1350,61446,35.513752,62,252,4341.869629,201958.7656,6,28,95.73756,38.841101,5284.697703,3353.498107,255,2750538176,682723293,255,0.14192,0.062114,0.079806,52,1024,0,0,2,1,1,1,1,1,0,0,0,2,1,0,Exploits,1
90700,6e-06,unas,-,INT,2,0,200,0,166666.6608,254,0,133333328.0,0.0,0,0,0.006,0.0,0.0,0.0,0,0,0,0,0.0,0.0,0.0,100,0,0,0,7,2,6,3,3,12,0,0,0,6,7,0,DoS,1
61020,0.649804,tcp,-,FIN,10,8,564,354,26.161735,254,252,6254.193848,3816.5354,2,1,71.134778,90.549141,5501.486639,139.120375,255,1668930956,278824656,255,0.063891,0.015952,0.047939,56,44,0,0,2,1,1,1,1,1,0,0,0,1,1,0,Reconnaissance,1
161012,8e-06,udp,dns,INT,2,0,114,0,125000.0003,254,0,57000000.0,0.0,0,0,0.008,0.0,0.0,0.0,0,0,0,0,0.0,0.0,0.0,57,0,0,0,44,2,28,28,14,44,0,0,0,28,44,0,Generic,1
157540,8e-06,udp,dns,INT,2,0,114,0,125000.0003,254,0,57000000.0,0.0,0,0,0.008,0.0,0.0,0.0,0,0,0,0,0.0,0.0,0.0,57,0,0,0,21,2,21,21,12,21,0,0,0,21,21,0,Generic,1
174491,3e-06,udp,dns,INT,2,0,114,0,333333.3215,254,0,152000000.0,0.0,0,0,0.003,0.0,0.0,0.0,0,0,0,0,0.0,0.0,0.0,57,0,0,0,16,2,6,6,6,16,0,0,0,6,16,0,Generic,1
27834,0.003893,tcp,ftp-data,FIN,10,12,528,8824,5394.297355,31,29,978165.9375,16622656.0,1,4,0.386889,0.310727,30.688306,20.227443,255,707446121,714596203,255,0.0006,0.000471,0.000129,53,735,0,0,3,0,5,1,1,4,0,0,0,7,3,0,Normal,0
23003,1e-05,udp,dns,INT,2,0,114,0,100000.0025,254,0,45600000.0,0.0,0,0,0.01,0.0,0.0,0.0,0,0,0,0,0.0,0.0,0.0,57,0,0,0,12,2,12,12,12,12,0,0,0,12,12,0,Generic,1
79233,0.994783,tcp,-,FIN,14,8,8834,354,21.110132,254,252,65968.15625,2493.006104,4,1,76.438536,126.756,4970.432256,208.730703,255,1964798361,1601427000,255,0.275647,0.107482,0.168165,631,44,0,0,3,1,2,1,1,3,0,0,0,1,4,0,Normal,0
59281,1e-06,ipv6-frag,-,INT,2,0,200,0,1000000.003,254,0,800000000.0,0.0,0,0,0.001,0.0,0.0,0.0,0,0,0,0,0.0,0.0,0.0,100,0,0,0,4,2,1,1,1,4,0,0,0,1,4,0,Exploits,1
53886,3e-06,unas,-,INT,2,0,200,0,333333.3215,254,0,266666656.0,0.0,0,0,0.003,0.0,0.0,0.0,0,0,0,0,0.0,0.0,0.0,100,0,0,0,16,2,3,3,3,3,0,0,0,3,16,0,Fuzzers,1
48511,45.037312,ospf,-,INT,42,0,18480,0,0.910356,254,0,3204.454102,0.0,0,0,1098.471,0.0,1384.726625,0.0,0,0,0,0,0.0,0.0,0.0,440,0,0,0,1,2,1,1,1,1,0,0,0,2,1,0,Fuzzers,1
123904,4e-06,cphb,-,INT,2,0,200,0,250000.0006,254,0,200000000.0,0.0,0,0,0.004,0.0,0.0,0.0,0,0,0,0,0.0,0.0,0.0,100,0,0,0,3,2,2,2,2,3,0,0,0,3,3,0,Exploits,1
42487,0.675098,tcp,-,FIN,10,6,566,268,22.218996,254,252,6043.566895,2654.429443,2,1,75.010889,97.94,3965.091049,181.382953,255,600018216,95358661,255,0.261724,0.166369,0.095355,57,45,0,0,4,1,1,1,1,5,0,0,0,1,5,0,Normal,0
131894,9e-06,udp,dns,INT,2,0,114,0,111111.1072,254,0,50666664.0,0.0,0,0,0.009,0.0,0.0,0.0,0,0,0,0,0.0,0.0,0.0,57,0,0,0,33,2,33,33,16,33,0,0,0,34,33,0,Generic,1
58906,0.621349,tcp,http,FIN,10,6,848,268,24.141023,254,252,9836.662109,2884.047607,2,1,68.937889,110.582602,3730.508347,197.168047,255,2493304717,1952909329,255,0.131768,0.068427,0.063341,85,45,1,0,2,1,1,1,1,1,0,0,1,5,1,0,Exploits,1
5673,0.453637,tcp,http,FIN,10,8,832,1450,37.474897,62,252,13208.79883,22379.12695,2,2,50.404111,44.98157,2482.926462,71.927555,255,4189592490,2392361029,255,0.102172,0.06356,0.038612,83,181,1,311,1,1,1,1,1,1,0,0,1,2,1,0,Exploits,1
69992,0.315814,tcp,-,CON,6,2,1012,86,22.164946,62,252,21379.67383,1089.248779,2,1,63.1628,0.002,3552.734492,0.0,255,3805918193,1687772822,255,0.239343,0.145342,0.094001,169,43,0,0,6,3,3,3,1,5,0,0,0,3,5,0,Normal,0
163011,9e-06,udp,dns,INT,2,0,114,0,111111.1072,254,0,50666664.0,0.0,0,0,0.009,0.0,0.0,0.0,0,0,0,0,0.0,0.0,0.0,57,0,0,0,33,2,33,33,16,33,0,0,0,33,33,0,Generic,1
55403,59.722061,udp,dns,INT,108,0,10908,0,1.791633,254,0,1447.639282,0.0,0,0,558.15,0.0,773.540313,0.0,0,0,0,0,0.0,0.0,0.0,101,0,0,0,1,2,1,1,1,1,0,0,0,1,1,0,Fuzzers,1
100721,0.886679,tcp,-,FIN,60,14,68181,612,82.329682,254,252,604908.875,5133.763184,27,1,14.592441,64.976922,1494.553684,96.324773,255,3411589151,3679728569,255,0.135112,0.04197,0.093142,1136,44,1,0,4,1,1,1,1,4,0,0,1,1,4,0,Normal,0
115693,0.0,arp,-,INT,1,0,46,0,0.0,0,0,0.0,0.0,0,0,60000.836,0.0,10.954527,0.0,0,0,0,0,0.0,0.0,0.0,46,0,0,0,2,2,2,2,2,2,0,0,0,2,2,1,Normal,0
14786,0.001108,udp,dns,CON,2,2,130,162,2707.581093,31,29,469314.0625,584837.5,0,0,0.005,0.004,0.0,0.0,0,0,0,0,0.0,0.0,0.0,65,81,0,0,2,0,5,2,1,2,0,0,0,3,7,0,Normal,0
53433,8e-06,pup,-,INT,2,0,180,0,125000.0003,254,0,90000000.0,0.0,0,0,0.008,0.0,0.0,0.0,0,0,0,0,0.0,0.0,0.0,90,0,0,0,10,2,9,9,9,10,0,0,0,9,10,0,DoS,1
44384,9e-06,udp,-,INT,2,0,168,0,111111.1072,254,0,74666664.0,0.0,0,0,0.009,0.0,0.0,0.0,0,0,0,0,0.0,0.0,0.0,84,0,0,0,1,2,1,1,1,1,0,0,0,1,1,0,Reconnaissance,1
41537,1.388822,tcp,-,FIN,10,8,588,354,12.24059,254,252,3052.947021,1785.686035,2,1,146.273222,184.828,8953.020192,273.910438,255,4064216282,1801315724,255,0.190613,0.095022,0.095591,59,44,0,0,3,1,1,1,1,3,0,0,0,1,5,0,Normal,0
107439,1e-05,swipe,-,INT,2,0,200,0,100000.0025,254,0,80000000.0,0.0,0,0,0.01,0.0,0.0,0.0,0,0,0,0,0.0,0.0,0.0,100,0,0,0,3,2,2,2,2,3,0,0,0,2,3,0,DoS,1
50417,1.1e-05,emcon,-,INT,2,0,180,0,90909.0902,254,0,65454544.0,0.0,0,0,0.011,0.0,0.0,0.0,0,0,0,0,0.0,0.0,0.0,90,0,0,0,8,2,2,2,2,2,0,0,0,2,6,0,Fuzzers,1
55917,5e-06,udp,dns,INT,2,0,114,0,200000.0051,254,0,91200000.0,0.0,0,0,0.005,0.0,0.0,0.0,0,0,0,0,0.0,0.0,0.0,57,0,0,0,11,2,3,3,3,3,0,0,0,3,11,0,Generic,1
131488,2.193524,tcp,-,FIN,10,8,564,354,7.750087,254,252,1852.726562,1130.60083,2,1,243.724889,304.313719,18564.69432,509.940344,255,887419572,1752839143,255,0.127588,0.062886,0.064702,56,44,0,0,1,1,1,1,1,1,0,0,0,1,1,0,Reconnaissance,1
32248,0.002741,tcp,ftp-data,FIN,6,8,320,1910,4742.794745,31,29,779277.6875,4879971.0,1,2,0.4856,0.320857,27.052135,0.515092,255,2137959905,2142715512,255,0.000603,0.000492,0.000111,53,239,0,0,2,0,7,1,1,3,0,0,0,4,2,0,Normal,0
52028,1.1e-05,unas,-,INT,2,0,200,0,111111.1072,254,0,88888888.0,0.0,0,0,0.009,0.0,0.0,0.0,0,0,0,0,0.0,0.0,0.0,100,0,0,0,14,2,1,1,1,1,0,0,0,1,14,0,DoS,1
156864,3e-06,udp,-,INT,2,0,168,0,333333.3215,254,0,224000000.0,0.0,0,0,0.003,0.0,0.0,0.0,0,0,0,0,0.0,0.0,0.0,84,0,0,0,1,2,1,1,1,1,0,0,0,1,1,0,Reconnaissance,1
67490,0.49577,tcp,-,FIN,20,8,17266,354,54.460737,254,252,264687.25,5002.319336,7,1,24.840052,62.748715,1866.626185,106.541055,255,1958317177,2177796821,255,0.101217,0.056523,0.044694,863,44,0,0,2,1,1,1,1,2,0,0,0,1,2,0,Normal,0
73172,9e-06,unas,-,INT,2,0,200,0,111111.1072,254,0,88888888.0,0.0,0,0,0.009,0.0,0.0,0.0,0,0,0,0,0.0,0.0,0.0,100,0,0,0,6,2,1,1,1,6,0,0,0,13,6,0,DoS,1
11728,0.001047,udp,dns,CON,2,2,130,162,2865.329359,31,29,496657.0938,618911.125,0,0,0.009,0.007,0.0,0.0,0,0,0,0,0.0,0.0,0.0,65,81,0,0,4,0,4,3,1,4,0,0,0,9,1,0,Normal,0
24505,0.157358,tcp,-,FIN,22,24,1920,4312,285.972104,31,29,93188.77344,210119.5938,6,6,7.476095,6.818044,478.538528,458.596912,255,2311711466,2311988737,255,0.000633,0.000535,9.8e-05,87,180,0,0,11,0,1,1,1,1,0,0,0,4,5,0,Normal,0
156974,1e-06,udp,dns,INT,2,0,114,0,1000000.003,254,0,456000000.0,0.0,0,0,0.001,0.0,0.0,0.0,0,0,0,0,0.0,0.0,0.0,57,0,0,0,21,2,16,16,16,21,0,0,0,16,21,0,Generic,1
4493,0.004932,tcp,-,FIN,18,18,4136,2456,7096.512807,31,29,6337388.5,3763179.25,7,7,0.267824,0.256882,13.324134,0.333466,255,1725436070,3878232259,255,0.00073,0.000562,0.000168,230,136,0,0,7,0,5,1,1,3,0,0,0,5,6,0,Normal,0
26132,0.025777,tcp,ftp,FIN,52,54,2934,3742,4073.398913,31,29,893199.375,1139931.0,11,15,0.498902,0.476736,38.239333,0.969381,255,1149893742,1150936273,255,0.000625,0.000502,0.000123,56,69,0,0,1,0,6,1,1,4,1,1,0,5,1,0,Normal,0
55586,8e-06,udp,dns,INT,2,0,114,0,125000.0003,254,0,57000000.0,0.0,0,0,0.008,0.0,0.0,0.0,0,0,0,0,0.0,0.0,0.0,57,0,0,0,7,2,3,3,3,3,0,0,0,3,7,0,Generic,1
72387,3.305034,tcp,smtp,FIN,52,26,46757,1974,23.297794,62,252,111001.5859,4596.624512,23,8,64.80459,134.480797,5557.419351,207.838828,255,36046976,165356400,255,0.174062,0.076863,0.097199,899,76,0,0,2,1,1,1,1,1,0,0,0,1,1,0,Exploits,1
127447,1e-05,udp,-,INT,2,0,568,0,100000.0025,254,0,227200000.0,0.0,0,0,0.01,0.0,0.0,0.0,0,0,0,0,0.0,0.0,0.0,284,0,0,0,10,2,9,9,1,10,0,0,0,9,10,0,Fuzzers,1
114062,0.749667,tcp,ftp-data,FIN,8,8,364,2404,20.008884,62,252,3404.178223,22452.63672,1,2,106.950717,92.322141,6920.858721,176.879375,255,708791274,500783725,255,0.140426,0.103403,0.037023,46,301,0,0,1,1,1,1,1,1,0,0,0,1,1,0,Exploits,1
143113,0.67963,tcp,http,FIN,10,6,824,268,22.070833,254,252,8734.164062,2636.72876,2,1,71.766667,114.79,3606.392288,174.706797,255,217210803,1435454621,255,0.183526,0.105676,0.07785,82,45,1,0,2,1,1,2,1,1,0,0,1,2,1,0,Reconnaissance,1
10980,1.931344,tcp,-,FIN,10,8,876,354,8.80216,254,252,3268.19043,1284.079834,2,1,214.478333,267.927719,16953.75766,454.271469,255,444963838,2473176797,255,0.117312,0.055843,0.061469,88,44,0,0,12,1,1,1,1,1,0,0,0,3,1,0,Exploits,1
140978,2.523799,tcp,pop3,FIN,20,22,960,2690,16.245351,62,252,2890.880127,8140.109375,7,8,132.831528,114.660188,7592.790379,153.109813,255,430472750,1714822437,255,0.188602,0.073785,0.114817,48,122,0,0,1,1,1,1,1,1,0,0,0,2,1,0,Exploits,1
149824,9e-06,udp,dns,INT,2,0,114,0,111111.1072,254,0,50666664.0,0.0,0,0,0.009,0.0,0.0,0.0,0,0,0,0,0.0,0.0,0.0,57,0,0,0,26,2,26,26,16,26,0,0,0,26,26,0,Generic,1
65260,0.907198,tcp,http,FIN,10,6,2404,268,16.534428,254,252,19082.93359,1975.312988,2,1,92.560222,169.760797,4925.263856,255.703203,255,1714269530,302344635,255,0.124883,0.058386,0.066497,240,45,1,0,1,1,1,1,1,1,0,0,1,2,1,0,Exploits,1
42339,0.76073,tcp,-,FIN,30,14,27524,764,56.524652,254,252,279804.9063,7466.512207,12,4,26.232068,46.502691,1851.750762,71.144578,255,1262581471,821398319,255,0.1542,0.103586,0.050614,917,55,0,0,6,1,1,1,1,6,0,0,0,1,5,0,Normal,0
22467,3e-06,udp,dns,INT,2,0,114,0,333333.3215,254,0,152000000.0,0.0,0,0,0.003,0.0,0.0,0.0,0,0,0,0,0.0,0.0,0.0,57,0,0,0,37,2,37,37,22,37,0,0,0,37,37,0,Generic,1
66355,0.680611,tcp,-,FIN,10,6,2516,268,22.03902,254,252,26623.13672,2632.928223,2,1,75.513444,120.132,3791.048975,198.768016,255,3264287403,2419056291,255,0.143321,0.079949,0.063372,252,45,0,0,7,1,1,1,1,4,0,0,0,1,4,0,Normal,0
19103,2e-06,udp,dns,INT,2,0,114,0,500000.0013,254,0,228000000.0,0.0,0,0,0.002,0.0,0.0,0.0,0,0,0,0,0.0,0.0,0.0,57,0,0,0,34,2,34,34,20,34,0,0,0,35,34,0,Generic,1
117678,1e-06,unas,-,INT,2,0,200,0,1000000.003,254,0,800000000.0,0.0,0,0,0.001,0.0,0.0,0.0,0,0,0,0,0.0,0.0,0.0,100,0,0,0,3,2,2,2,2,3,0,0,0,2,3,0,DoS,1
68478,1.030111,tcp,http,FIN,10,10,848,1270,18.444615,62,252,5933.341309,8876.713867,2,2,114.456778,99.242781,7046.372995,149.492078,255,3124295397,1276889891,255,0.170519,0.136198,0.034321,85,127,1,170,2,1,1,1,1,2,0,0,1,1,2,0,Normal,0
74161,1.103399,tcp,-,FIN,12,10,1366,810,19.032099,254,252,9084.655273,5285.48584,3,2,97.183183,113.269,6543.082996,176.174406,255,2976742530,1889303996,255,0.144181,0.083974,0.060207,114,81,0,0,1,1,1,1,1,1,0,0,0,1,1,0,Normal,0
28967,0.008915,tcp,-,FIN,36,38,2334,16290,8188.446747,31,29,2037016.375,14233988.0,7,12,0.245143,0.224027,14.233533,13.039511,255,3202706427,1053433582,255,0.000769,0.000615,0.000154,65,429,0,0,14,0,2,1,1,1,0,0,0,2,5,0,Normal,0
36895,0.001038,udp,dns,CON,2,2,146,178,2890.173445,31,29,562620.4375,685934.5,0,0,0.008,0.009,0.0,0.0,0,0,0,0,0.0,0.0,0.0,73,89,0,0,3,0,5,1,1,1,0,0,0,1,5,0,Normal,0
46837,0.473641,tcp,-,CON,6,2,978,86,14.779126,62,252,13765.7002,726.288452,2,1,94.7282,0.006,5646.179578,0.0,255,4268782259,2840675262,255,0.39056,0.311017,0.079543,163,43,0,0,4,3,3,2,1,4,0,0,0,2,5,0,Normal,0
18567,1e-05,udp,dns,INT,2,0,114,0,100000.0025,254,0,45600000.0,0.0,0,0,0.01,0.0,0.0,0.0,0,0,0,0,0.0,0.0,0.0,57,0,0,0,29,2,18,18,18,29,0,0,0,18,29,0,Generic,1
66427,3.22228,tcp,-,REQ,6,0,270,0,1.551696,254,0,558.610657,0.0,5,0,644.456,0.0,789.335187,0.0,255,0,0,0,0.0,0.0,0.0,45,0,0,0,11,6,8,1,1,10,0,0,0,9,10,0,Normal,0
165412,9e-06,sctp,-,INT,2,0,104,0,111111.1072,254,0,46222220.0,0.0,0,0,0.009,0.0,0.0,0.0,0,0,0,0,0.0,0.0,0.0,52,0,0,0,2,2,2,2,2,2,0,0,0,2,2,0,Exploits,1
99738,6e-06,ttp,-,INT,2,0,200,0,166666.6608,254,0,133333328.0,0.0,0,0,0.006,0.0,0.0,0.0,0,0,0,0,0.0,0.0,0.0,100,0,0,0,3,2,3,3,3,3,0,0,0,3,3,0,DoS,1
11119,1.750758,tcp,-,FIN,122,126,7816,15092,141.081744,31,29,35422.37109,68418.35938,30,32,14.960829,14.465041,881.899943,872.979157,255,1406350688,1432046325,255,0.000608,0.000487,0.000121,64,120,0,0,7,0,2,1,1,1,0,0,0,2,3,0,Normal,0
102864,1.2e-05,udp,-,INT,2,0,104,0,83333.33039,254,0,34666664.0,0.0,0,0,0.012,0.0,0.0,0.0,0,0,0,0,0.0,0.0,0.0,52,0,0,0,6,2,1,1,1,2,0,0,0,3,2,0,Fuzzers,1
128279,8e-06,unas,-,INT,2,0,200,0,125000.0003,254,0,100000000.0,0.0,0,0,0.008,0.0,0.0,0.0,0,0,0,0,0.0,0.0,0.0,100,0,0,0,3,2,1,1,1,4,0,0,0,2,3,0,Exploits,1
168921,9e-06,udp,dns,INT,2,0,114,0,111111.1072,254,0,50666664.0,0.0,0,0,0.009,0.0,0.0,0.0,0,0,0,0,0.0,0.0,0.0,57,0,0,0,42,2,10,9,9,42,0,0,0,10,42,0,Generic,1
37235,0.001031,udp,dns,CON,2,2,146,178,2909.796171,31,29,566440.3125,690591.625,0,0,0.006,0.009,0.0,0.0,0,0,0,0,0.0,0.0,0.0,73,89,0,0,2,0,3,1,1,1,0,0,0,2,4,0,Normal,0
167067,6e-06,udp,dns,INT,2,0,114,0,166666.6608,254,0,76000000.0,0.0,0,0,0.006,0.0,0.0,0.0,0,0,0,0,0.0,0.0,0.0,57,0,0,0,19,2,11,11,11,19,0,0,0,11,19,0,Generic,1
34349,0.001015,udp,dns,CON,2,2,146,178,2955.664893,31,29,575369.4375,701477.8125,0,0,0.009,0.009,0.0,0.0,0,0,0,0,0.0,0.0,0.0,73,89,0,0,3,0,2,1,1,2,0,0,0,1,2,0,Normal,0
4361,8e-06,unas,-,INT,2,0,200,0,125000.0003,254,0,100000000.0,0.0,0,0,0.008,0.0,0.0,0.0,0,0,0,0,0.0,0.0,0.0,100,0,0,0,7,2,4,3,3,7,0,0,0,6,7,0,Exploits,1
107673,1.740058,ospf,-,INT,28,0,3024,0,15.516725,254,0,13406.4502,0.0,0,0,64.446594,0.0,97.693797,0.0,0,0,0,0,0.0,0.0,0.0,108,0,0,0,1,2,1,1,1,1,0,0,0,1,1,0,Exploits,1
137427,3e-06,udp,-,INT,2,0,168,0,333333.3215,254,0,224000000.0,0.0,0,0,0.003,0.0,0.0,0.0,0,0,0,0,0.0,0.0,0.0,84,0,0,0,1,2,1,1,1,1,0,0,0,1,1,0,Reconnaissance,1
50905,1e-06,unas,-,INT,2,0,200,0,100000.0025,254,0,80000000.0,0.0,0,0,0.01,0.0,0.0,0.0,0,0,0,0,0.0,0.0,0.0,100,0,0,0,16,2,4,4,4,4,0,0,0,4,16,0,Exploits,1
136591,1e-06,udp,dns,INT,2,0,114,0,1000000.003,254,0,456000000.0,0.0,0,0,0.001,0.0,0.0,0.0,0,0,0,0,0.0,0.0,0.0,57,0,0,0,12,2,12,12,12,12,0,0,0,13,12,0,Generic,1
22708,6e-06,udp,dns,INT,2,0,114,0,166666.6608,254,0,76000000.0,0.0,0,0,0.006,0.0,0.0,0.0,0,0,0,0,0.0,0.0,0.0,57,0,0,0,29,2,25,25,25,29,0,0,0,25,29,0,Generic,1
48039,1.1e-05,udp,dns,INT,2,0,114,0,90909.0902,254,0,41454544.0,0.0,0,0,0.011,0.0,0.0,0.0,0,0,0,0,0.0,0.0,0.0,57,0,0,0,11,2,7,7,4,7,0,0,0,7,11,0,Generic,1
170056,9e-06,udp,dns,INT,2,0,114,0,111111.1072,254,0,50666664.0,0.0,0,0,0.009,0.0,0.0,0.0,0,0,0,0,0.0,0.0,0.0,57,0,0,0,16,2,16,16,16,16,0,0,0,16,16,0,Generic,1
69598,0.882073,tcp,-,FIN,14,12,774,642,28.342326,254,252,6521.002441,5341.961426,4,3,65.419615,78.118633,4006.597785,150.58275,255,3748379644,3072764377,255,0.077306,0.022735,0.054571,55,54,0,0,1,1,1,1,1,1,0,0,0,1,1,0,Normal,0
47954,1.08719,tcp,-,FIN,10,8,534,354,15.636641,254,252,3539.399658,2281.109863,2,1,120.798889,140.643,6557.233242,280.281344,255,3246707106,432232862,255,0.187839,0.102349,0.08549,53,44,0,0,4,1,2,2,1,1,0,0,0,2,2,0,Fuzzers,1
7690,9e-06,unas,-,INT,2,0,200,0,111111.1072,254,0,88888888.0,0.0,0,0,0.009,0.0,0.0,0.0,0,0,0,0,0.0,0.0,0.0,100,0,0,0,5,2,1,1,1,5,0,0,0,10,5,0,DoS,1
138565,0.200464,tcp,http,FIN,10,6,1036,268,74.826404,254,252,37233.61719,8939.260742,2,1,21.699444,38.603801,1097.333599,64.853676,255,369286829,1780118346,255,0.052602,0.007442,0.04516,104,45,1,0,1,1,1,1,1,1,0,0,1,1,1,0,Exploits,1
49317,1e-06,irtp,-,INT,2,0,200,0,200000.0051,254,0,160000000.0,0.0,0,0,0.005,0.0,0.0,0.0,0,0,0,0,0.0,0.0,0.0,100,0,0,0,21,2,4,4,4,4,0,0,0,6,16,0,Exploits,1
44066,1.154049,tcp,-,FIN,14,8,8834,354,18.1968,254,252,56864.13281,2148.955566,4,1,86.466155,151.803141,5512.596178,308.62475,255,189677540,4122598359,255,0.233445,0.091419,0.142026,631,44,0,0,1,1,2,1,1,1,0,0,0,1,4,0,Normal,0
77672,0.753524,tcp,-,FIN,30,14,26740,764,57.065203,254,252,274433.1875,7537.915039,12,4,25.983585,52.52923,1995.898,92.340336,255,481170758,1781492412,255,0.079978,0.037923,0.042055,891,55,0,0,3,1,1,1,1,3,0,0,0,1,3,0,Normal,0
72793,9e-06,udp,-,INT,2,0,168,0,111111.1072,254,0,74666664.0,0.0,0,0,0.009,0.0,0.0,0.0,0,0,0,0,0.0,0.0,0.0,84,0,0,0,1,2,1,1,1,1,0,0,0,1,2,0,Reconnaissance,1
128943,3e-06,udp,dns,INT,2,0,114,0,333333.3215,254,0,152000000.0,0.0,0,0,0.003,0.0,0.0,0.0,0,0,0,0,0.0,0.0,0.0,57,0,0,0,15,2,15,15,15,15,0,0,0,15,15,0,Generic,1
134785,9e-06,udp,dns,INT,2,0,114,0,111111.1072,254,0,50666664.0,0.0,0,0,0.009,0.0,0.0,0.0,0,0,0,0,0.0,0.0,0.0,57,0,0,0,22,2,18,18,18,22,0,0,0,19,22,0,Generic,1
10531,0.001055,udp,dns,CON,2,2,130,162,2843.601894,31,29,492891.0,614218.0,0,0,0.009,0.007,0.0,0.0,0,0,0,0,0.0,0.0,0.0,65,81,0,0,3,0,2,2,1,2,0,0,0,8,2,0,Normal,0
26489,0.653967,tcp,ssh,FIN,108,114,9504,12298,337.937529,31,29,115186.2344,149132.9063,26,31,6.108981,5.781664,327.725108,319.782804,255,1702464405,3848169779,255,0.000749,0.000607,0.000142,88,108,0,0,1,0,5,1,1,3,0,0,0,12,1,0,Normal,0
121592,1.011156,tcp,http,FIN,10,12,806,6416,20.76831,62,252,5743.920898,46536.83594,2,4,112.256889,81.687452,6696.901857,6217.005249,255,2666828859,2451345766,255,0.216896,0.112589,0.104307,81,535,1,2720,1,1,1,1,1,2,0,0,1,2,1,0,DoS,1
122854,2.878012,tcp,-,FIN,10,8,1590,354,5.906855,254,252,3977.74585,861.705933,2,1,319.779111,387.204563,20252.00073,587.937812,255,3069378848,1402246633,255,0.219926,0.166802,0.053124,159,44,0,0,3,1,1,1,1,1,0,0,0,2,2,0,Fuzzers,1
25905,0.009905,tcp,-,FIN,36,38,2334,16290,7370.014982,31,29,1833417.375,12811307.0,7,12,0.273914,0.251324,16.335029,15.799572,255,2314438498,2314758016,255,0.00073,0.000596,0.000134,65,429,0,0,3,0,2,1,1,1,0,0,0,3,4,0,Normal,0
123364,0.832007,tcp,-,FIN,22,12,17790,920,39.663128,254,252,163287.0938,8115.316406,8,2,38.660525,72.494273,3576.014101,125.273086,255,942043733,1436853373,255,0.127363,0.034562,0.092801,809,77,0,0,3,1,1,1,1,3,0,0,0,1,3,0,Fuzzers,1
14718,0.032115,tcp,-,FIN,60,62,3614,45696,3767.709648,31,29,885318.375,11199501.0,7,24,0.556579,0.51841,32.082079,30.218221,255,3892014447,1767822498,255,0.000603,0.000487,0.000116,60,737,0,0,7,0,2,1,1,2,0,0,0,2,4,0,Normal,0
64353,0.507678,tcp,-,FIN,12,8,994,750,37.425299,254,252,14371.31445,10353.01953,3,2,43.308547,67.68157,2345.320449,96.485461,255,1121412567,3328077831,255,0.068511,0.033899,0.034612,83,94,0,0,6,1,2,2,1,2,0,0,0,2,6,0,Fuzzers,1
125878,9e-06,udp,dns,INT,2,0,114,0,111111.1072,254,0,50666664.0,0.0,0,0,0.009,0.0,0.0,0.0,0,0,0,0,0.0,0.0,0.0,57,0,0,0,44,2,35,34,18,44,0,0,0,34,44,0,Generic,1
82919,0.466139,ospf,-,INT,20,0,1040,0,40.760375,254,0,16956.31641,0.0,0,0,24.533631,0.0,28.348688,0.0,0,0,0,0,0.0,0.0,0.0,52,0,0,0,1,2,1,1,1,1,0,0,0,1,1,0,Reconnaissance,1
48423,1.341779,tcp,-,FIN,12,8,3024,714,14.160305,254,252,16527.3125,3726.395996,3,2,121.897821,182.585281,7328.327792,300.951875,255,1071997701,1859734060,255,0.12612,0.063673,0.062447,252,89,0,0,7,1,2,1,1,3,0,0,0,2,4,0,Fuzzers,1
22406,5e-06,udp,dns,INT,2,0,114,0,200000.0051,254,0,91200000.0,0.0,0,0,0.005,0.0,0.0,0.0,0,0,0,0,0.0,0.0,0.0,57,0,0,0,32,2,20,20,20,32,0,0,0,20,32,0,Generic,1
67070,7e-06,udp,-,INT,2,0,1064,0,142857.1409,254,0,608000000.0,0.0,0,0,0.007,0.0,0.0,0.0,0,0,0,0,0.0,0.0,0.0,532,0,0,0,2,2,1,1,1,2,0,0,0,1,6,0,Normal,0
69291,9e-06,tcp,-,REQ,2,0,90,0,111111.1072,254,0,40000000.0,0.0,1,0,0.009,0.0,0.0,0.0,255,0,0,0,0.0,0.0,0.0,45,0,0,0,9,6,3,1,1,9,0,0,0,3,9,0,Normal,0
24786,0.001091,udp,dns,CON,2,2,146,178,2749.770747,31,29,535288.6875,652612.25,0,0,0.009,0.007,0.0,0.0,0,0,0,0,0.0,0.0,0.0,73,89,0,0,2,0,2,1,1,1,0,0,0,6,3,0,Normal,0
28345,0.051996,tcp,-,FIN,84,86,4862,77276,3250.250012,31,29,739287.625,11751365.0,7,36,0.600976,0.605424,36.010134,35.693341,255,1656103002,3846827898,255,0.000686,0.000529,0.000157,58,899,0,0,18,0,2,1,1,1,0,0,0,2,3,0,Normal,0
25653,0.016889,tcp,-,FIN,48,50,2958,33044,5743.383161,31,29,1372254.125,15339688.0,7,18,0.352681,0.340458,20.017197,19.658198,255,862074516,3031181937,255,0.000674,0.000543,0.000131,62,661,0,0,4,0,4,1,1,3,0,0,0,2,7,0,Normal,0
19294,5e-06,udp,dns,INT,2,0,114,0,200000.0051,254,0,91200000.0,0.0,0,0,0.005,0.0,0.0,0.0,0,0,0,0,0.0,0.0,0.0,57,0,0,0,41,2,39,39,24,41,0,0,0,39,41,0,Generic,1
39879,0.013181,tcp,-,FIN,16,18,1540,1644,2503.603669,31,29,876413.0,942568.875,4,4,0.858333,0.748471,59.872292,1.384537,255,3609632426,1466193324,255,0.000566,0.000454,0.000112,96,91,0,0,18,0,6,8,1,6,0,0,0,10,8,0,Normal,0
1247,1.678278,tcp,-,FIN,40,42,2558,23162,48.263757,31,29,11893.14356,107781.9063,7,14,43.024872,40.92183,0.0,3116.636348,255,2859001474,3413182893,255,0.000597,0.00048,0.000117,64,551,0,0,2,0,4,1,1,1,0,0,0,2,7,0,Normal,0
15058,1e-05,udp,dns,INT,2,0,114,0,100000.0025,254,0,45600000.0,0.0,0,0,0.01,0.0,0.0,0.0,0,0,0,0,0.0,0.0,0.0,57,0,0,0,28,2,25,25,25,28,0,0,0,25,28,0,Generic,1
5643,0.902641,tcp,http,FIN,22,92,1770,115574,125.188198,62,252,14978.26953,1013186.875,2,44,42.982903,9.698274,2595.624092,1180.228864,255,4049214377,3638043403,255,0.034598,0.019078,0.01552,80,1256,1,55622,2,1,1,1,1,3,0,0,1,1,2,0,Reconnaissance,1
153188,5e-06,udp,dns,INT,2,0,114,0,200000.0051,254,0,91200000.0,0.0,0,0,0.005,0.0,0.0,0.0,0,0,0,0,0.0,0.0,0.0,57,0,0,0,32,2,7,7,7,32,0,0,0,8,32,0,Generic,1
121124,1.160012,tcp,smtp,FIN,118,34,132662,2252,130.171066,62,252,907149.25,15075.70606,56,8,10.000104,32.234273,946.441323,43.77777,255,89232988,2014787756,255,0.116791,0.065488,0.051303,1124,66,0,0,1,1,1,1,1,1,0,0,0,2,1,0,Exploits,1
149078,8e-06,udp,dns,INT,2,0,114,0,125000.0003,254,0,57000000.0,0.0,0,0,0.008,0.0,0.0,0.0,0,0,0,0,0.0,0.0,0.0,57,0,0,0,42,2,3,3,3,42,0,0,0,3,42,0,Generic,1
172660,9e-06,unas,-,INT,2,0,200,0,111111.1072,254,0,88888888.0,0.0,0,0,0.009,0.0,0.0,0.0,0,0,0,0,0.0,0.0,0.0,100,0,0,0,6,2,1,1,1,6,0,0,0,3,6,0,Fuzzers,1
97183,1.124634,tcp,http,FIN,10,10,838,1476,16.894385,62,252,5370.63623,9453.742188,2,2,124.855111,117.278555,7897.164991,180.763375,255,1611694188,2982360390,255,0.104168,0.069119,0.035049,84,148,1,271,1,1,1,1,1,1,0,0,1,2,1,0,Exploits,1
71633,6e-06,igp,-,INT,2,0,180,0,166666.6608,254,0,119999992.0,0.0,0,0,0.006,0.0,0.0,0.0,0,0,0,0,0.0,0.0,0.0,90,0,0,0,10,2,11,10,10,10,0,0,0,10,10,0,Exploits,1
100572,0.0,arp,-,INT,1,0,46,0,0.0,0,0,0.0,0.0,0,0,60000.768,0.0,0.0,0.0,0,0,0,0,0.0,0.0,0.0,46,0,0,0,1,2,1,1,1,1,0,0,0,1,1,1,Normal,0
3320,0.041081,tcp,-,FIN,28,42,2198,34406,1679.608573,31,29,412842.9063,6540639.0,5,15,1.506815,0.990366,82.471267,64.518673,255,942462994,3091281311,255,0.000596,0.000472,0.000124,79,819,0,0,8,0,5,4,1,6,0,0,0,5,19,0,Normal,0
102159,0.979164,tcp,-,FIN,12,8,3696,354,19.404308,254,252,27680.75586,2532.772949,3,1,84.938452,121.171,5634.201156,194.930922,255,1939934916,2227640800,255,0.220277,0.130961,0.089316,308,44,0,0,1,1,1,1,1,1,0,0,0,1,1,0,Exploits,1
25845,0.003474,tcp,ftp-data,FIN,14,4,8928,216,4893.494657,31,29,19092690.0,373057.0,4,1,0.267231,0.943667,16.469383,1.326768,255,2921463431,782188470,255,0.000628,0.000492,0.000136,638,54,0,0,2,0,4,1,1,3,0,0,0,3,2,0,Normal,0
3822,0.001221,udp,dns,CON,2,2,132,164,2457.002489,31,29,432432.4375,537264.5625,0,0,0.008,0.007,0.0,0.0,0,0,0,0,0.0,0.0,0.0,66,82,0,0,4,0,4,1,1,1,0,0,0,8,1,0,Normal,0
139436,9e-06,udp,dns,INT,2,0,114,0,111111.1072,254,0,50666664.0,0.0,0,0,0.009,0.0,0.0,0.0,0,0,0,0,0.0,0.0,0.0,57,0,0,0,28,2,16,16,16,28,0,0,0,17,28,0,Generic,1
37655,0.087276,udp,-,CON,4,4,568,320,80.205329,31,29,39048.53906,21999.17578,0,0,23.998666,23.991666,33.925805,33.925805,0,0,0,0,0.0,0.0,0.0,142,80,0,0,11,0,4,1,1,4,0,0,0,7,9,0,Normal,0
47282,0.667373,tcp,http,FIN,14,36,1370,37948,73.422209,62,252,15259.83203,442259.4375,2,15,51.336383,17.336285,3196.790978,1843.917758,255,3457880687,201429016,255,0.099008,0.059834,0.039174,98,1054,0,0,1,1,1,1,1,1,0,0,0,1,1,0,Generic,1
58246,9e-06,udp,dns,INT,2,0,114,0,111111.1072,254,0,50666664.0,0.0,0,0,0.009,0.0,0.0,0.0,0,0,0,0,0.0,0.0,0.0,57,0,0,0,9,2,4,4,4,4,0,0,0,4,9,0,Generic,1
72114,5e-06,unas,-,INT,2,0,200,0,200000.0051,254,0,160000000.0,0.0,0,0,0.005,0.0,0.0,0.0,0,0,0,0,0.0,0.0,0.0,100,0,0,0,3,2,1,1,1,3,0,0,0,22,3,0,Exploits,1
30630,0.158743,tcp,-,FIN,22,22,3880,2664,270.878096,31,29,186666.5,128156.8359,7,7,7.542762,7.533333,598.583539,16.97141,255,3953097318,1811058769,255,0.000674,0.000538,0.000136,176,121,0,0,17,0,3,1,1,2,0,0,0,5,5,0,Normal,0
38906,0.001047,udp,dns,CON,2,2,130,162,2865.329359,31,29,496657.0938,618911.125,0,0,0.009,0.006,0.0,0.0,0,0,0,0,0.0,0.0,0.0,65,81,0,0,3,0,1,1,1,4,0,0,0,5,3,0,Normal,0
72403,0.991745,tcp,ftp,FIN,12,12,666,682,23.191445,254,252,4928.686523,5049.685059,3,4,90.081089,81.745547,4514.834964,100.950109,255,2649131697,2767040216,255,0.177196,0.092536,0.08466,56,57,0,0,2,1,1,1,1,2,0,0,0,1,2,0,Fuzzers,1
134284,9e-06,unas,-,INT,2,0,200,0,111111.1072,254,0,88888888.0,0.0,0,0,0.009,0.0,0.0,0.0,0,0,0,0,0.0,0.0,0.0,100,0,0,0,5,2,3,2,2,5,0,0,0,5,5,0,DoS,1
55011,3e-06,unas,-,INT,2,0,200,0,333333.3215,254,0,266666656.0,0.0,0,0,0.003,0.0,0.0,0.0,0,0,0,0,0.0,0.0,0.0,100,0,0,0,7,2,1,1,1,7,0,0,0,1,7,0,Exploits,1
33634,1.004783,tcp,http,FIN,12,18,1580,10168,28.861952,31,29,11536.81934,76466.25781,3,5,91.310548,59.072057,9528.641894,7675.47163,255,4183155722,4188422340,255,0.000722,0.000554,0.000168,132,565,1,0,5,0,1,2,1,1,0,0,1,3,1,0,Normal,0
79783,1.293559,tcp,-,FIN,10,8,564,354,13.142037,254,252,3141.719971,1917.191284,2,1,140.511,181.857281,9406.748758,277.395688,255,3800967233,4124482962,255,0.069448,0.020549,0.048899,56,44,0,0,1,1,1,1,1,1,0,0,0,1,1,0,Reconnaissance,1
25780,0.001126,udp,dns,CON,2,2,146,178,2664.298498,31,29,518650.0938,632326.8125,0,0,0.011,0.006,0.0,0.0,0,0,0,0,0.0,0.0,0.0,73,89,0,0,1,0,3,1,1,1,0,0,0,1,2,0,Normal,0
80532,3e-06,tcp,-,REQ,2,0,90,0,333333.3215,254,0,119999992.0,0.0,1,0,0.003,0.0,0.0,0.0,255,0,0,0,0.0,0.0,0.0,45,0,0,0,4,6,2,1,1,5,0,0,0,1,4,0,Normal,0
18434,0.13811,tcp,-,FIN,22,24,1958,2308,325.827246,31,29,108261.5313,128129.7578,6,6,6.559905,5.974782,458.185605,437.630896,255,2812795428,663574187,255,0.00085,0.000689,0.000161,89,96,0,0,6,0,4,1,1,2,0,0,0,3,11,0,Normal,0
12586,1.044929,tcp,http,FIN,14,18,1684,10168,29.667087,31,29,11974.01856,73528.4375,3,5,80.34931,61.434471,8881.128328,7774.637323,255,296939576,297969407,255,0.000675,0.00054,0.000135,120,565,1,3924,2,0,2,1,1,2,0,0,1,2,1,0,Normal,0
59135,0.437246,tcp,http,FIN,10,6,1408,268,34.305632,254,252,23199.75586,4098.379395,2,1,44.343778,75.544203,2509.227191,115.978727,255,3833624293,4052784991,255,0.17521,0.059517,0.115693,141,45,1,0,1,1,1,1,1,1,0,0,1,18,1,0,Exploits,1
87222,0.559036,tcp,http,FIN,10,12,820,8520,37.564664,62,252,10561.03711,111763.8203,2,4,62.115111,43.668453,3037.10815,3241.750126,255,2934835897,3519445000,255,0.138024,0.052553,0.085471,82,710,0,0,2,1,1,2,1,1,0,0,0,2,1,0,Exploits,1
30507,0.032657,tcp,-,FIN,52,54,3182,39076,3215.237047,31,29,764552.75,9395351.0,7,20,0.633373,0.629431,38.889238,36.630978,255,4011347722,4011649116,255,0.000666,0.000547,0.000119,61,724,0,0,4,0,3,1,1,2,0,0,0,2,6,0,Normal,0
157967,0.555329,tcp,-,FIN,22,8,20964,354,52.221294,254,252,288290.3438,4465.820801,8,1,24.537287,65.429715,1883.765746,84.568641,255,1041563178,2372074665,255,0.126323,0.097318,0.029005,953,44,0,0,2,1,1,1,1,1,0,0,0,1,1,0,DoS,1
29717,0.378593,tcp,-,FIN,16,18,1540,1644,87.164845,31,29,30512.97852,32816.24219,4,4,25.218266,22.231412,1525.657708,43.829344,255,2763238897,645791042,255,0.000834,0.000657,0.000177,96,91,0,0,5,0,2,2,1,2,0,0,0,5,19,0,Normal,0
112229,1e-05,unas,-,INT,2,0,200,0,100000.0025,254,0,80000000.0,0.0,0,0,0.01,0.0,0.0,0.0,0,0,0,0,0.0,0.0,0.0,100,0,0,0,8,2,6,6,6,8,0,0,0,7,8,0,DoS,1
129831,3e-06,udp,dns,INT,2,0,114,0,333333.3215,254,0,152000000.0,0.0,0,0,0.003,0.0,0.0,0.0,0,0,0,0,0.0,0.0,0.0,57,0,0,0,21,2,16,16,16,21,0,0,0,16,21,0,Generic,1
65982,6.456078,tcp,-,REQ,4,0,180,0,0.464678,254,0,167.284225,0.0,3,0,2152.026,0.0,3043.41575,0.0,255,0,0,0,0.0,0.0,0.0,45,0,0,0,37,6,32,2,2,35,0,0,0,33,35,0,Normal,0
70506,0.775443,tcp,-,FIN,10,6,534,268,19.343781,254,252,4962.324707,2310.937012,2,1,86.063,141.430797,4581.468862,241.855469,255,1353519976,2841695201,255,0.165114,0.06828,0.096834,53,45,0,0,5,1,4,4,4,4,0,0,0,4,4,0,Normal,0
57931,1.1e-05,udp,dns,INT,2,0,114,0,90909.0902,254,0,41454544.0,0.0,0,0,0.011,0.0,0.0,0.0,0,0,0,0,0.0,0.0,0.0,57,0,0,0,12,2,5,5,3,5,0,0,0,5,12,0,Generic,1
45259,0.666828,tcp,-,FIN,10,8,564,354,25.493831,254,252,6094.525391,3719.100098,2,1,74.092,94.060289,5405.472636,135.103047,255,3564631999,3228853679,255,0.051602,0.007641,0.043961,56,44,0,0,1,1,1,1,1,1,0,0,0,1,2,0,Reconnaissance,1
72523,0.762734,tcp,-,FIN,10,6,598,268,19.666096,254,252,5653.347168,2349.442871,2,0,7960.2188,13265.48,788638.264,29366.316,255,2817885728,4014127149,255,0.189052,0.078898,0.110154,60,45,0,0,6,1,5,5,3,6,0,0,0,5,7,0,Normal,0
48726,0.727885,tcp,-,FIN,10,6,756,268,20.607651,254,252,7484.69873,2461.927246,2,1,80.876111,119.694,4090.909119,193.055141,255,2013530894,2060150068,255,0.158503,0.101788,0.056715,76,45,0,0,8,1,1,1,1,4,0,0,0,3,4,0,Fuzzers,1
87642,3e-06,unas,-,INT,2,0,200,0,333333.3215,254,0,266666656.0,0.0,0,0,0.003,0.0,0.0,0.0,0,0,0,0,0.0,0.0,0.0,100,0,0,0,7,2,4,3,3,10,0,0,0,5,7,0,Exploits,1
99661,9e-06,cphb,-,INT,2,0,200,0,111111.1072,254,0,88888888.0,0.0,0,0,0.009,0.0,0.0,0.0,0,0,0,0,0.0,0.0,0.0,100,0,0,0,4,2,3,3,3,4,0,0,0,3,4,0,Exploits,1
98558,0.593135,tcp,http,FIN,10,10,816,1318,32.03318,62,252,9913.425781,16009.8457,2,2,65.903889,59.696891,4160.327371,110.332813,255,1030199767,4148523956,255,0.115341,0.052254,0.063087,82,132,1,213,3,1,1,1,1,3,0,0,1,1,3,0,Normal,0
81396,1.1e-05,udp,-,INT,2,0,2898,0,90909.0902,254,0,1053818176.0,0.0,0,0,0.011,0.0,0.0,0.0,0,0,0,0,0.0,0.0,0.0,1449,0,0,0,8,2,3,1,1,6,0,0,0,3,8,0,Fuzzers,1
12365,0.001055,udp,dns,CON,2,2,130,162,2843.601894,31,29,492891.0,614218.0,0,0,0.009,0.001,0.0,0.0,0,0,0,0,0.0,0.0,0.0,65,81,0,0,3,0,2,2,1,1,0,0,0,5,2,0,Normal,0
112488,3e-06,unas,-,INT,2,0,200,0,333333.3215,254,0,266666656.0,0.0,0,0,0.003,0.0,0.0,0.0,0,0,0,0,0.0,0.0,0.0,100,0,0,0,5,2,4,4,4,5,0,0,0,6,5,0,Exploits,1
39558,0.264002,tcp,-,FIN,204,396,11826,495632,2268.922245,31,29,356633.6563,14981129.0,19,178,1.305366,0.666954,88.667624,55.77337,255,1221793807,1225438008,255,0.000693,0.000551,0.000142,58,1252,0,0,11,0,7,1,1,1,0,0,0,2,8,0,Normal,0
4916,8e-06,l2tp,-,INT,2,0,200,0,125000.0003,254,0,100000000.0,0.0,0,0,0.008,0.0,0.0,0.0,0,0,0,0,0.0,0.0,0.0,100,0,0,0,3,2,2,2,2,3,0,0,0,2,3,0,DoS,1
68751,9e-06,ipv6-frag,-,INT,2,0,200,0,111111.1072,254,0,88888888.0,0.0,0,0,0.009,0.0,0.0,0.0,0,0,0,0,0.0,0.0,0.0,100,0,0,0,8,2,1,1,1,8,0,0,0,1,8,0,Exploits,1
33270,0.64463,tcp,-,FIN,28,30,4776,3080,88.422814,31,29,57161.47266,36957.63281,7,7,23.861223,22.211758,1507.574953,40.427281,255,2035975414,2199917170,255,0.000612,0.000485,0.000127,171,103,0,0,3,0,2,1,1,1,0,0,0,2,5,0,Normal,0
33525,0.179014,tcp,-,FIN,60,62,3598,48710,675.924798,31,29,158155.2344,2141732.0,7,24,3.081172,2.925623,167.629997,160.935664,255,1289197420,3439033188,255,0.000684,0.000545,0.000139,60,786,0,0,8,0,5,1,1,2,0,0,0,3,6,0,Normal,0
49673,1.1e-05,udp,dns,INT,2,0,114,0,90909.0902,254,0,41454544.0,0.0,0,0,0.011,0.0,0.0,0.0,0,0,0,0,0.0,0.0,0.0,57,0,0,0,18,2,7,7,4,7,0,0,0,7,18,0,Generic,1
31672,0.30359,tcp,-,FIN,26,28,4376,2976,174.577555,31,29,110886.3906,75628.3125,7,7,12.12908,11.656154,722.851192,18.840572,255,1655378035,3807829107,255,0.000651,0.000527,0.000124,168,106,0,0,9,0,1,1,1,1,0,0,0,2,7,0,Normal,0
92615,5e-06,wb-mon,-,INT,2,0,200,0,200000.0051,254,0,160000000.0,0.0,0,0,0.005,0.0,0.0,0.0,0,0,0,0,0.0,0.0,0.0,100,0,0,0,12,2,6,5,5,17,0,0,0,6,12,0,DoS,1
113950,0.24506,tcp,http,FIN,10,10,810,3882,77.532034,62,252,23798.25391,114061.8672,2,3,27.228889,17.518222,1455.62267,1369.386552,255,1783893040,2600802403,255,0.101262,0.05524,0.046022,81,388,1,1490,1,1,1,1,1,1,0,0,1,1,1,0,DoS,1
20744,0.006981,udp,-,CON,4,4,568,304,1002.721696,31,29,488182.2188,261280.625,0,0,1.970333,1.839,2.777988,2.590839,0,0,0,0,0.0,0.0,0.0,142,76,0,0,3,0,7,1,1,4,0,0,0,3,9,0,Normal,0
122356,7e-06,udp,dns,INT,2,0,114,0,142857.1409,254,0,65142856.0,0.0,0,0,0.007,0.0,0.0,0.0,0,0,0,0,0.0,0.0,0.0,57,0,0,0,21,2,18,18,18,21,0,0,0,20,21,0,Generic,1
22917,0.001035,udp,dns,CON,2,2,146,178,2898.550823,31,29,564251.25,687922.75,0,0,0.009,0.007,0.0,0.0,0,0,0,0,0.0,0.0,0.0,73,89,0,0,4,0,2,1,1,6,0,0,0,3,2,0,Normal,0
43494,5e-06,udp,-,INT,2,0,104,0,200000.0051,254,0,83200000.0,0.0,0,0,0.005,0.0,0.0,0.0,0,0,0,0,0.0,0.0,0.0,52,0,0,0,4,2,4,1,1,3,0,0,0,3,7,0,Normal,0
15739,3.5e-05,udp,dns,INT,2,0,114,0,28571.42781,254,0,13028571.0,0.0,0,0,0.035,0.0,0.0,0.0,0,0,0,0,0.0,0.0,0.0,57,0,0,0,38,2,26,26,16,38,0,0,0,26,38,0,Generic,1
117465,3e-06,udp,dns,INT,2,0,114,0,333333.3215,254,0,152000000.0,0.0,0,0,0.003,0.0,0.0,0.0,0,0,0,0,0.0,0.0,0.0,57,0,0,0,41,2,14,14,14,41,0,0,0,14,41,0,Generic,1
133737,9e-06,udp,dns,INT,2,0,114,0,111111.1072,254,0,50666664.0,0.0,0,0,0.009,0.0,0.0,0.0,0,0,0,0,0.0,0.0,0.0,57,0,0,0,25,2,25,25,11,25,0,0,0,25,25,0,Generic,1
144637,9e-06,unas,-,INT,2,0,200,0,111111.1072,254,0,88888888.0,0.0,0,0,0.009,0.0,0.0,0.0,0,0,0,0,0.0,0.0,0.0,100,0,0,0,6,2,2,2,2,6,0,0,0,4,6,0,Exploits,1
55394,4e-06,udp,dns,INT,2,0,114,0,250000.0006,254,0,114000000.0,0.0,0,0,0.004,0.0,0.0,0.0,0,0,0,0,0.0,0.0,0.0,57,0,0,0,18,2,7,7,3,7,0,0,0,7,18,0,Generic,1
134478,9e-06,udp,dns,INT,2,0,114,0,111111.1072,254,0,50666664.0,0.0,0,0,0.009,0.0,0.0,0.0,0,0,0,0,0.0,0.0,0.0,57,0,0,0,24,2,16,16,16,24,0,0,0,16,24,0,Generic,1
83823,9e-06,udp,-,INT,2,0,104,0,111111.1072,254,0,46222220.0,0.0,0,0,0.009,0.0,0.0,0.0,0,0,0,0,0.0,0.0,0.0,52,0,0,0,5,2,1,1,1,3,0,0,0,1,4,0,Fuzzers,1
52719,1.1e-05,scps,-,INT,2,0,200,0,90909.0902,254,0,72727272.0,0.0,0,0,0.011,0.0,0.0,0.0,0,0,0,0,0.0,0.0,0.0,100,0,0,0,9,2,7,6,6,6,0,0,0,13,9,0,DoS,1
139554,4e-06,sctp,-,INT,2,0,640,0,250000.0006,254,0,640000000.0,0.0,0,0,0.004,0.0,0.0,0.0,0,0,0,0,0.0,0.0,0.0,320,0,0,0,2,2,2,2,2,2,0,0,0,2,2,0,Exploits,1
18576,0.229024,tcp,ftp-data,FIN,14,6,8928,320,82.96074,31,29,289611.5625,9326.53418,4,1,17.617231,45.678398,1600.031417,68.590773,255,1800638670,307711830,255,0.001465,0.000515,0.00095,638,53,0,0,6,0,4,1,1,5,0,0,0,7,3,0,Normal,0
42043,0.962635,tcp,ftp,FIN,14,12,750,682,25.970384,254,252,5792.43457,5202.387207,4,4,72.498772,81.716547,3635.294142,93.98543,255,331085238,3602829108,255,0.15072,0.063744,0.086976,54,57,0,0,2,1,1,1,1,2,1,1,0,1,2,0,Normal,0
148812,0.200075,tcp,http,FIN,10,6,1332,268,74.971885,254,252,47942.02344,8956.641602,2,1,20.804333,38.772398,1116.768758,67.603609,255,357160226,560981201,255,0.051554,0.00621,0.045344,133,45,1,0,2,1,1,1,1,1,0,0,1,1,1,0,Exploits,1
100534,3.833289,tcp,-,FIN,16,8,9726,354,6.00007,254,252,19031.17773,646.963989,5,1,250.801931,519.270719,21216.44331,759.022625,255,1782758541,1300253950,255,0.275218,0.198393,0.076825,608,44,0,0,1,1,1,1,1,1,0,0,0,1,1,0,Fuzzers,1
14296,8e-06,udp,dns,INT,2,0,114,0,125000.0003,254,0,57000000.0,0.0,0,0,0.008,0.0,0.0,0.0,0,0,0,0,0.0,0.0,0.0,57,0,0,0,33,2,27,25,25,35,0,0,0,26,33,0,Generic,1
2443,1.203783,tcp,http,FIN,12,18,1580,10168,24.09072,31,29,9629.642578,63825.45313,3,5,109.402821,70.777176,9698.500631,7786.847497,255,1869680617,4044947745,255,0.000711,0.000567,0.000144,132,565,1,3924,2,0,3,2,2,3,0,0,4,4,3,0,Normal,0
19326,0.336951,tcp,ftp-data,FIN,14,6,8928,320,56.388023,31,29,196847.625,6339.200684,4,1,25.919307,67.27,2186.547099,89.469727,255,2774860189,2158804859,255,0.000585,0.000478,0.000107,638,53,0,0,2,0,6,1,1,7,0,0,0,5,2,0,Normal,0
20033,9e-06,udp,dns,INT,2,0,114,0,111111.1072,254,0,50666664.0,0.0,0,0,0.009,0.0,0.0,0.0,0,0,0,0,0.0,0.0,0.0,57,0,0,0,52,2,43,43,25,52,0,0,0,43,52,0,Generic,1
52814,2e-06,udp,-,INT,2,0,168,0,500000.0013,254,0,336000000.0,0.0,0,0,0.002,0.0,0.0,0.0,0,0,0,0,0.0,0.0,0.0,84,0,0,0,1,2,1,1,1,1,0,0,0,1,1,0,Reconnaissance,1
59200,0.964524,tcp,http,FIN,10,8,958,354,17.625275,254,252,7157.935059,2571.216553,2,1,102.852222,125.092711,6930.518848,158.827266,255,1343126768,2659106012,255,0.144931,0.088868,0.056063,96,44,1,0,1,1,1,1,1,1,0,0,1,1,2,0,Reconnaissance,1
79831,0.301323,tcp,http,FIN,10,10,804,5766,63.05526,62,252,19221.89844,137792.3438,2,3,33.480333,28.35,1621.725535,1678.663846,255,1232915780,2932346368,255,0.059209,0.045504,0.013705,80,577,1,2442,1,1,1,1,1,1,0,0,1,8,1,0,Exploits,1
38567,7.6e-05,udp,-,INT,2,0,503,0,13157.89532,64,0,26526316.0,0.0,0,0,0.076,0.0,0.0,0.0,0,0,0,0,0.0,0.0,0.0,252,0,0,0,40,0,40,40,40,40,0,0,0,40,40,0,Normal,0
65711,0.397924,tcp,-,FIN,10,6,546,268,37.69564,254,252,9891.335938,4503.372559,2,1,44.213778,66.608203,2184.791822,100.684453,255,1656469958,3546086532,255,0.125831,0.064084,0.061747,55,45,0,0,6,1,2,2,1,2,0,0,0,2,6,0,Fuzzers,1
5252,3e-06,unas,-,INT,2,0,200,0,333333.3215,254,0,266666656.0,0.0,0,0,0.003,0.0,0.0,0.0,0,0,0,0,0.0,0.0,0.0,100,0,0,0,5,2,2,2,2,5,0,0,0,9,5,0,Exploits,1
171886,1e-06,udp,dns,INT,2,0,114,0,1000000.003,254,0,456000000.0,0.0,0,0,0.001,0.0,0.0,0.0,0,0,0,0,0.0,0.0,0.0,57,0,0,0,20,2,17,16,16,20,0,0,0,16,20,0,Generic,1
15667,0.001982,udp,-,CON,4,4,536,304,3531.78615,31,29,1622603.5,920282.5625,0,0,0.524,0.242333,0.735391,0.34059,0,0,0,0,0.0,0.0,0.0,134,76,0,0,4,0,2,1,1,3,0,0,0,3,6,0,Normal,0
171740,59.400505,ospf,-,REQ,64,0,17408,0,1.060597,254,0,2307.859131,0.0,0,0,954.815563,0.0,1174.32875,0.0,0,0,0,0,0.0,0.0,0.0,272,0,0,0,2,6,3,2,2,5,0,0,0,3,2,0,Exploits,1
151364,9e-06,udp,dns,INT,2,0,114,0,111111.1072,254,0,50666664.0,0.0,0,0,0.009,0.0,0.0,0.0,0,0,0,0,0.0,0.0,0.0,57,0,0,0,41,2,35,33,16,41,0,0,0,33,41,0,Generic,1
75467,0.727486,tcp,http,FIN,10,8,820,1062,23.368147,62,252,8115.620117,10227.00098,2,2,80.831778,92.32743,4088.661237,173.603359,255,3157985546,611166363,255,0.157628,0.080256,0.077372,82,133,1,129,3,1,1,1,1,2,0,0,1,1,2,0,Normal,0
39629,0.049093,tcp,-,FIN,72,74,4238,63618,2953.577868,31,29,681156.1875,10226957.0,7,30,0.683676,0.674681,39.066192,40.293702,255,2152920693,2165810638,255,0.000636,0.000513,0.000123,59,860,0,0,12,0,5,1,1,3,0,0,0,2,10,0,Normal,0
921,1.531111,tcp,-,FIN,16,18,1540,1644,21.552977,31,29,7544.848145,8114.369141,4,4,109.286074,98.868797,6838.872683,181.682094,255,2114465671,1321446812,255,0.048995,0.048077,0.000918,96,91,0,0,14,0,8,13,1,7,0,0,0,17,6,0,Normal,0
160557,9e-06,udp,dns,INT,2,0,114,0,111111.1072,254,0,50666664.0,0.0,0,0,0.009,0.0,0.0,0.0,0,0,0,0,0.0,0.0,0.0,57,0,0,0,25,2,8,8,8,25,0,0,0,8,25,0,Generic,1
83675,0.970041,tcp,-,FIN,14,8,8834,354,21.64857,254,252,67650.75,2556.593018,4,1,74.570306,123.30943,4703.85165,197.324422,255,428781136,2368228133,255,0.215442,0.106866,0.108576,631,44,0,0,7,1,3,3,3,6,0,0,0,5,6,0,Normal,0
74067,9e-06,unas,-,INT,2,0,200,0,111111.1072,254,0,88888888.0,0.0,0,0,0.009,0.0,0.0,0.0,0,0,0,0,0.0,0.0,0.0,100,0,0,0,7,2,2,2,2,7,0,0,0,8,7,0,Exploits,1
42658,0.632945,tcp,-,FIN,10,8,614,354,26.858574,254,252,6989.548828,3918.191895,2,1,68.177222,80.837711,4680.712646,137.602078,255,934052652,3250760399,255,0.111406,0.067071,0.044335,61,44,0,0,7,1,1,1,1,6,0,0,0,1,6,0,Normal,0
131630,5e-06,ddx,-,INT,2,0,200,0,200000.0051,254,0,160000000.0,0.0,0,0,0.005,0.0,0.0,0.0,0,0,0,0,0.0,0.0,0.0,100,0,0,0,6,2,2,2,2,6,0,0,0,3,6,0,DoS,1
150016,8e-06,udp,dns,INT,2,0,114,0,125000.0003,254,0,57000000.0,0.0,0,0,0.008,0.0,0.0,0.0,0,0,0,0,0.0,0.0,0.0,57,0,0,0,21,2,17,17,17,21,0,0,0,18,21,0,Generic,1
22029,8e-06,udp,dns,INT,2,0,114,0,125000.0003,254,0,57000000.0,0.0,0,0,0.008,0.0,0.0,0.0,0,0,0,0,0.0,0.0,0.0,57,0,0,0,39,2,23,23,23,39,0,0,0,24,39,0,Generic,1
23138,8e-06,udp,dns,INT,2,0,114,0,125000.0003,254,0,57000000.0,0.0,0,0,0.008,0.0,0.0,0.0,0,0,0,0,0.0,0.0,0.0,57,0,0,0,43,2,43,43,18,43,0,0,0,43,43,0,Generic,1
61146,0.653223,tcp,http,FIN,10,10,796,1288,29.086546,62,252,8781.075195,14206.48145,2,2,72.580333,62.749891,4659.127274,109.448422,255,731584241,3798614787,255,0.151719,0.088426,0.063293,80,129,1,204,1,1,1,1,1,1,0,0,1,1,1,0,DoS,1
126069,5e-06,udp,dns,INT,2,0,114,0,200000.0051,254,0,91200000.0,0.0,0,0,0.005,0.0,0.0,0.0,0,0,0,0,0.0,0.0,0.0,57,0,0,0,26,2,16,16,16,26,0,0,0,16,26,0,Generic,1
99154,0.480815,tcp,ftp-data,FIN,8,10,364,3754,35.356635,62,252,5307.654785,56221.20703,1,3,68.687857,47.484889,4348.740658,4105.291388,255,1683351920,286241021,255,0.11891,0.05284,0.06607,46,375,0,0,1,1,2,1,1,2,0,0,0,2,1,0,Exploits,1
56762,1.1e-05,udp,dns,INT,2,0,114,0,90909.0902,254,0,41454544.0,0.0,0,0,0.011,0.0,0.0,0.0,0,0,0,0,0.0,0.0,0.0,57,0,0,0,12,2,7,7,3,7,0,0,0,7,12,0,Generic,1
46702,1.977724,tcp,-,CON,6,2,978,86,3.539422,62,252,3296.718994,173.937317,2,1,395.5448,0.001,22487.64429,0.0,255,1164398357,3494770297,255,1.524389,1.084958,0.439431,163,43,0,0,2,3,1,1,1,2,0,0,0,1,2,0,Normal,0
43056,1.396878,tcp,http,FIN,10,10,798,1310,13.60176,62,252,4117.753906,6752.200195,2,2,155.191667,140.166219,9149.837623,213.91025,255,2949177561,550822695,255,0.248383,0.135371,0.113012,80,131,1,210,1,1,1,1,1,1,0,0,1,2,1,0,Normal,0
21313,3e-06,udp,dns,INT,2,0,114,0,333333.3215,254,0,152000000.0,0.0,0,0,0.003,0.0,0.0,0.0,0,0,0,0,0.0,0.0,0.0,57,0,0,0,32,2,6,6,6,32,0,0,0,6,32,0,Generic,1
74141,0.865146,tcp,http,FIN,10,8,810,1196,19.649863,62,252,6741.059082,9681.603516,2,2,96.127333,105.750859,5004.565675,142.738266,255,3019255201,1332147429,255,0.189503,0.124214,0.065289,81,150,1,228,3,1,2,2,2,3,0,0,4,2,3,0,Normal,0
22310,0.005513,tcp,-,FIN,22,24,2054,2478,8162.525183,31,29,2845637.75,3446399.5,6,6,0.246095,0.21413,15.123822,12.792906,255,3129254377,3129542317,255,0.000704,0.00058,0.000124,93,103,0,0,10,0,6,1,1,3,0,0,0,2,10,0,Normal,0
54620,4e-06,xtp,-,INT,2,0,200,0,200000.0051,254,0,160000000.0,0.0,0,0,0.005,0.0,0.0,0.0,0,0,0,0,0.0,0.0,0.0,100,0,0,0,22,2,4,4,4,4,0,0,0,6,17,0,Backdoor,1
20218,0.001111,udp,dns,CON,2,2,146,178,2700.270121,31,29,525652.5625,640864.125,0,0,0.009,0.005,0.0,0.0,0,0,0,0,0.0,0.0,0.0,73,89,0,0,2,0,1,2,1,1,0,0,0,4,5,0,Normal,0
28675,0.013975,tcp,-,FIN,16,18,1540,1644,2361.359569,31,29,826618.9375,889016.125,4,4,0.909933,0.781353,61.386275,1.418972,255,1799960752,3951618887,255,0.000863,0.000686,0.000177,96,91,0,0,11,0,12,6,1,7,0,0,0,8,10,0,Normal,0
136423,3e-06,udp,dns,INT,2,0,114,0,333333.3215,254,0,152000000.0,0.0,0,0,0.003,0.0,0.0,0.0,0,0,0,0,0.0,0.0,0.0,57,0,0,0,11,2,11,11,11,11,0,0,0,11,11,0,Generic,1
135598,3e-06,udp,dns,INT,2,0,114,0,333333.3215,254,0,152000000.0,0.0,0,0,0.003,0.0,0.0,0.0,0,0,0,0,0.0,0.0,0.0,57,0,0,0,17,2,17,17,17,17,0,0,0,17,17,0,Generic,1
88427,1.755589,tcp,-,FIN,156,28,195095,1214,104.23852,254,252,883327.5,5336.101074,75,1,11.227303,63.158668,1220.43795,75.766422,255,4139196724,2645444965,255,0.127752,0.050303,0.077449,1251,43,0,0,2,1,1,1,1,2,0,0,0,1,2,0,Fuzzers,1
129404,3e-06,udp,dns,INT,2,0,114,0,333333.3215,254,0,152000000.0,0.0,0,0,0.003,0.0,0.0,0.0,0,0,0,0,0.0,0.0,0.0,57,0,0,0,32,2,32,32,17,32,0,0,0,32,32,0,Generic,1
21521,3e-06,udp,dns,INT,2,0,114,0,333333.3215,254,0,152000000.0,0.0,0,0,0.003,0.0,0.0,0.0,0,0,0,0,0.0,0.0,0.0,57,0,0,0,30,2,25,25,25,30,0,0,0,25,30,0,Generic,1
81601,0.976592,tcp,-,FIN,12,10,1060,824,21.50335,254,252,7962.383301,6078.280273,3,2,86.340727,90.169891,5194.212544,142.101656,255,3429697857,1484466716,255,0.310613,0.16506,0.145553,88,82,0,0,5,1,1,1,1,4,0,0,0,1,4,0,Fuzzers,1
68925,0.828825,tcp,-,FIN,10,6,2516,268,18.09791,254,252,21862.27539,2162.096924,2,1,90.123222,137.814406,5119.944167,214.860312,255,4236925335,1672683722,255,0.23927,0.139745,0.099525,252,45,0,0,3,1,1,1,1,3,0,0,0,1,3,0,Normal,0
104330,0.803094,tcp,http,FIN,12,12,1334,2950,28.639237,62,252,12182.88184,26945.78711,3,3,73.008545,66.544273,4248.317604,112.225008,255,3081722183,4185887148,255,0.133128,0.070178,0.06295,111,246,1,694,1,1,1,1,1,1,0,0,1,2,1,0,Exploits,1
168209,3e-06,udp,dns,INT,2,0,114,0,333333.3215,254,0,152000000.0,0.0,0,0,0.003,0.0,0.0,0.0,0,0,0,0,0.0,0.0,0.0,57,0,0,0,17,2,18,17,17,17,0,0,0,18,17,0,Generic,1
20773,8.965396,tcp,http,FIN,358,746,19098,1087890,123.028588,31,29,16994.23047,969444.75,2,370,25.11222,12.033423,1617.135525,1092.242174,255,4055510550,1927469075,255,0.000618,0.000493,0.000125,53,1458,1,524288,2,0,5,1,1,1,0,0,1,2,3,0,Normal,0
20155,3e-06,udp,-,INT,2,0,1846,0,333333.3215,254,0,2461333248.0,0.0,0,0,0.003,0.0,0.0,0.0,0,0,0,0,0.0,0.0,0.0,923,0,0,0,4,2,4,4,1,4,0,0,0,4,4,0,Normal,0
151718,3e-06,udp,dns,INT,2,0,466,0,333333.3215,254,0,621333312.0,0.0,0,0,0.003,0.0,0.0,0.0,0,0,0,0,0.0,0.0,0.0,233,0,0,0,1,2,1,1,1,1,0,0,0,1,1,0,Exploits,1
75446,0.490562,tcp,http,FIN,10,8,808,1112,34.654132,62,252,11872.09766,15867.51563,2,2,54.506889,54.781285,2957.205464,80.540797,255,3922528077,153344301,255,0.165766,0.084503,0.081263,81,139,1,154,4,1,2,2,2,3,0,0,4,3,3,0,Normal,0
113778,1.009602,tcp,-,FIN,10,8,756,354,16.838319,254,252,5396.186035,2456.413574,2,1,112.158778,129.193289,5792.542324,226.704203,255,1968978519,4154282447,255,0.209334,0.105247,0.104087,76,44,0,0,4,1,1,1,1,1,0,0,0,2,1,0,Fuzzers,1
154359,9e-06,udp,dns,INT,2,0,114,0,111111.1072,254,0,50666664.0,0.0,0,0,0.009,0.0,0.0,0.0,0,0,0,0,0.0,0.0,0.0,57,0,0,0,21,2,5,5,5,21,0,0,0,5,21,0,Generic,1
175112,6e-06,udp,dns,INT,2,0,114,0,166666.6608,254,0,76000000.0,0.0,0,0,0.006,0.0,0.0,0.0,0,0,0,0,0.0,0.0,0.0,57,0,0,0,30,2,13,13,13,30,0,0,0,13,30,0,Generic,1
116982,0.411596,tcp,http,FIN,12,6,5694,268,41.302637,254,252,101458.7109,4353.783691,3,1,37.41782,77.020203,2347.884064,124.665547,255,2203446209,902996744,255,0.042555,0.025739,0.016816,475,45,1,0,1,1,1,1,1,1,0,0,1,6,1,0,Exploits,1
77770,0.608611,tcp,-,FIN,10,6,588,268,24.646285,254,252,6966.683105,2944.409424,2,1,63.551111,102.722,3356.347384,142.482812,255,2591468087,4092782835,255,0.172879,0.094996,0.077883,59,45,0,0,2,1,1,1,1,2,0,0,0,1,5,0,Fuzzers,1
49017,0.718977,tcp,-,FIN,10,6,2550,268,20.862977,254,252,25536.2832,2492.43042,2,1,76.844222,112.394,4224.070826,166.095469,255,815979875,2294326277,255,0.252298,0.157,0.095298,255,45,0,0,3,1,1,1,1,3,0,0,0,1,3,0,Fuzzers,1
162839,18.142353,tcp,-,FIN,8,6,364,268,0.716555,62,252,140.665329,98.774399,1,1,3023.700333,3609.92075,231281.7002,7194.7235,255,1445991233,984132176,255,0.176308,0.092748,0.08356,46,45,0,0,4,1,3,3,1,3,0,0,0,5,2,0,Generic,1
24198,0.00098,udp,dns,CON,2,2,146,178,3061.224453,31,29,595918.375,726530.625,0,0,0.002,0.004,0.0,0.0,0,0,0,0,0.0,0.0,0.0,73,89,0,0,2,0,1,1,1,1,0,0,0,3,3,0,Normal,0
21130,2.315835,tcp,-,FIN,122,126,7820,15736,106.656994,31,29,26792.92773,53931.30469,30,32,19.136189,18.672024,1350.804094,1335.375856,255,3491447842,3496649428,255,0.000627,0.000498,0.000129,64,125,0,0,1,0,2,1,1,1,0,0,0,2,2,0,Normal,0
74753,9e-06,tcp,-,REQ,2,0,90,0,111111.1072,254,0,40000000.0,0.0,1,0,0.009,0.0,0.0,0.0,255,0,0,0,0.0,0.0,0.0,45,0,0,0,7,6,18,1,1,27,0,0,0,18,6,0,Normal,0
3394,0.064858,tcp,-,FIN,30,42,2302,34406,1094.69924,31,29,274569.0625,4142835.25,5,15,2.304821,1.609525,126.020769,94.972614,255,1932265968,1935735328,255,0.000587,0.000473,0.000114,77,819,0,0,7,0,8,6,1,6,0,0,0,8,9,0,Normal,0
33781,0.141032,tcp,-,FIN,48,50,2958,32368,687.787191,31,29,164331.5,1799364.75,7,18,2.993617,2.866,184.281316,180.070251,255,701263574,701570743,255,0.000725,0.000587,0.000138,62,647,0,0,5,0,4,1,1,1,0,0,0,3,5,0,Normal,0
53962,1.1e-05,sep,-,INT,2,0,200,0,90909.0902,254,0,72727272.0,0.0,0,0,0.011,0.0,0.0,0.0,0,0,0,0,0.0,0.0,0.0,100,0,0,0,22,2,5,4,4,4,0,0,0,7,17,0,Exploits,1
87200,0.800039,tcp,-,FIN,10,8,504,354,21.248964,254,252,4539.778809,3099.848877,2,1,88.893222,89.945289,5358.557149,144.450797,255,3914976902,3754828815,255,0.203132,0.134182,0.06895,50,44,0,0,2,1,2,1,1,2,0,0,0,2,7,0,DoS,1
71971,1.127569,tcp,-,FIN,32,14,27206,728,39.908867,254,252,186993.4375,4796.15918,13,3,34.772678,77.598617,2592.217218,98.308508,255,4196130375,3487902286,255,0.185465,0.118784,0.066681,850,52,0,0,3,1,1,1,1,3,0,0,0,1,3,0,Normal,0
56679,5e-06,skip,-,INT,2,0,200,0,200000.0051,254,0,160000000.0,0.0,0,0,0.005,0.0,0.0,0.0,0,0,0,0,0.0,0.0,0.0,100,0,0,0,6,2,1,1,1,6,0,0,0,1,6,0,DoS,1
84247,0.38948,tcp,ftp-data,FIN,8,8,364,1390,38.512889,62,252,6552.326172,24997.43359,1,2,55.64,53.41157,3856.376399,106.694469,255,2264436345,3619250001,255,0.058503,0.011129,0.047374,46,174,0,0,1,1,2,1,1,2,0,0,0,2,1,0,Exploits,1
30688,1.079485,tcp,-,FIN,30,14,26166,764,39.833807,254,252,187452.3438,5261.768066,12,4,37.22362,76.004383,3001.550625,124.701766,255,3208741219,554388862,255,0.129096,0.090788,0.038308,872,55,0,0,6,1,1,1,1,5,0,0,0,1,5,0,Normal,0
39328,0.046347,tcp,ftp-data,FIN,6,8,320,1890,280.492806,31,29,46087.125,285498.5313,1,2,9.1994,6.550429,641.4264,15.720401,255,4294608440,2160334059,255,0.000624,0.00049,0.000134,53,236,0,0,3,0,3,1,1,2,0,0,0,5,3,0,Normal,0
3017,0.042915,tcp,-,FIN,78,80,4550,72810,3658.394372,31,29,837376.1875,13403238.0,7,33,0.568,0.535423,31.776515,31.582868,255,2419521428,270215980,255,0.001275,0.001146,0.000129,58,910,0,0,12,0,2,1,1,1,0,0,0,6,1,0,Normal,0
122725,33.08046,tcp,-,FIN,24,18,2152,1490,1.239402,254,252,498.904785,340.503143,11,4,1436.241087,1937.743,200086.5139,7118.728,255,3776900988,1051379224,255,0.231498,0.138828,0.09267,90,83,0,0,5,1,3,3,3,4,0,0,0,3,3,0,Fuzzers,1
66219,9e-06,udp,-,INT,2,0,168,0,111111.1072,254,0,74666664.0,0.0,0,0,0.009,0.0,0.0,0.0,0,0,0,0,0.0,0.0,0.0,84,0,0,0,1,2,1,1,1,1,0,0,0,1,1,0,Reconnaissance,1
43633,0.561341,tcp,-,FIN,10,6,944,268,26.721726,254,252,12113.84863,3192.355469,2,1,55.260222,98.016,2666.024879,123.281586,255,1878667674,389576880,255,0.159961,0.071253,0.088708,94,45,0,0,4,1,2,2,1,4,0,0,0,2,4,0,Normal,0
6663,0.001084,udp,dns,CON,2,2,146,178,2767.527704,31,29,538745.375,656826.5625,0,0,0.009,0.007,0.0,0.0,0,0,0,0,0.0,0.0,0.0,73,89,0,0,3,0,4,2,2,2,0,0,0,2,3,0,Normal,0
87118,1.737563,tcp,-,FIN,10,8,564,354,9.783818,254,252,2338.907959,1427.286377,2,1,193.051556,228.954281,10404.23747,343.180906,255,3086208889,1389878686,255,0.262979,0.134882,0.128097,56,44,0,0,2,1,1,1,1,1,0,0,0,2,1,0,Reconnaissance,1
47590,0.630058,tcp,-,FIN,10,8,564,354,26.981643,254,252,6450.199707,3936.145508,2,1,69.483667,89.042859,5454.177365,138.291328,255,729102872,3398129540,255,0.053884,0.006747,0.047137,56,44,0,0,1,1,1,1,1,1,0,0,0,1,1,0,Reconnaissance,1
75195,1e-06,tcp,-,REQ,2,0,90,0,1000000.003,254,0,360000000.0,0.0,1,0,0.001,0.0,0.0,0.0,255,0,0,0,0.0,0.0,0.0,45,0,0,0,8,6,2,1,1,37,0,0,0,3,5,0,Normal,0
60474,0.418936,tcp,-,FIN,10,8,1042,354,40.578989,62,252,17912.04297,5919.758301,2,1,46.548444,55.755,3070.795997,121.483758,255,4169365703,3215243430,255,0.085928,0.018878,0.06705,104,44,0,0,1,1,1,1,1,1,0,0,0,1,1,0,Exploits,1
